OrderID,OrderDate,Region,Category,UnitsSold,UnitPrice,PaymentMethod,CustomerAge,Revenue,Month,Quarter
1001,2024-01-01 00:00:00.000000,South,Electronics,11.0,163.77,Credit Card,31.0,1801.47,January,2024Q1
1002,2024-01-01 17:33:18.396793,Unknown,Electronics,26.0,363.59,Credit Card,47.0,9453.34,January,2024Q1
1003,2024-01-02 11:06:36.793587,North,Electronics,2.0,374.19,Debit Card,58.0,748.38,January,2024Q1
1004,2024-01-03 04:39:55.190380,West,Toys,3.0,104.18,Online,21.0,312.54,January,2024Q1
1005,2024-01-03 22:13:13.587174,North,Furniture,23.0,434.72,Debit Card,21.0,9998.56,January,2024Q1
1006,2024-01-04 15:46:31.983967,North,Toys,12.0,358.89,Debit Card,45.0,4306.68,January,2024Q1
1007,2024-01-05 09:19:50.380761,North,Furniture,20.0,283.56,Cash,25.0,5671.2,January,2024Q1
1008,2024-01-06 02:53:08.777555,South,Toys,5.0,238.41,Debit Card,19.0,1192.05,January,2024Q1
1009,2024-01-06 20:26:27.174348,West,Toys,37.0,273.9,Cash,45.0,10134.3,January,2024Q1
1010,2024-01-07 13:59:45.571142,North,Grocery,38.0,83.83,Cash,63.0,3185.54,January,2024Q1
1011,2024-01-08 07:33:03.967935,North,Toys,30.0,105.83,Cash,39.0,3174.9,January,2024Q1
1012,2024-01-09 01:06:22.364729,Unknown,Clothing,9.0,50.13,Credit Card,58.0,451.17,January,2024Q1
1013,2024-01-09 18:39:40.761523,South,Grocery,34.0,81.06,Cash,33.0,2756.04,January,2024Q1
1014,2024-01-10 12:12:59.158316,South,Toys,44.0,229.58,Unknown,46.0,10101.52,January,2024Q1
1015,2024-01-11 05:46:17.555110,North,Electronics,35.0,267.53,Credit Card,66.0,9363.55,January,2024Q1
1016,2024-01-11 23:19:35.951903,North,Clothing,22.0,13.84,Credit Card,65.0,304.48,January,2024Q1
1017,2024-01-12 16:52:54.348697,South,Clothing,44.0,399.41,Cash,47.0,17574.04,January,2024Q1
1018,2024-01-13 10:26:12.745490,East,Clothing,24.0,150.61,Debit Card,29.0,3614.64,January,2024Q1
1019,2024-01-14 03:59:31.142284,East,Grocery,17.0,456.36,Debit Card,52.0,7758.12,January,2024Q1
1020,2024-01-14 21:32:49.539078,South,Toys,10.0,483.92,Debit Card,28.0,4839.2,January,2024Q1
1021,2024-01-15 15:06:07.935871,West,Toys,30.0,96.8,Credit Card,63.0,2904.0,January,2024Q1
1022,2024-01-16 08:39:26.332665,North,Electronics,46.0,233.74,Debit Card,67.0,10752.04,January,2024Q1
1023,2024-01-17 02:12:44.729458,South,Electronics,23.0,5.61,Cash,38.0,129.03,January,2024Q1
1024,2024-01-17 19:46:03.126252,South,Clothing,32.0,301.17,Online,38.0,9637.44,January,2024Q1
1025,2024-01-18 13:19:21.523046,East,Electronics,17.0,305.62,Debit Card,22.0,5195.54,January,2024Q1
1026,2024-01-19 06:52:39.919839,North,Grocery,17.0,263.135,Credit Card,65.0,4473.3,January,2024Q1
1027,2024-01-20 00:25:58.316633,North,Toys,14.0,281.41,Credit Card,37.0,3939.74,January,2024Q1
1028,2024-01-20 17:59:16.713426,East,Clothing,9.0,116.64,Credit Card,54.0,1049.76,January,2024Q1
1029,2024-01-21 11:32:35.110220,West,Electronics,40.0,84.61,Cash,20.0,3384.4,January,2024Q1
1030,2024-01-22 05:05:53.507014,North,Grocery,2.0,327.5,Credit Card,61.0,655.0,January,2024Q1
1031,2024-01-22 22:39:11.903807,West,Grocery,45.0,263.135,Debit Card,50.0,11841.08,January,2024Q1
1032,2024-01-23 16:12:30.300601,North,Electronics,25.0,297.18,Cash,26.0,7429.5,January,2024Q1
1033,2024-01-24 09:45:48.697394,North,Toys,39.0,219.46,Credit Card,45.0,8558.94,January,2024Q1
1034,2024-01-25 03:19:07.094188,Unknown,Electronics,9.0,492.25,Credit Card,21.0,4430.25,January,2024Q1
1035,2024-01-25 20:52:25.490981,Unknown,Clothing,22.0,79.04,Credit Card,52.0,1738.88,January,2024Q1
1036,2024-01-26 14:25:43.887775,South,Electronics,43.0,234.98,Online,34.0,10104.14,January,2024Q1
1037,2024-01-27 07:59:02.284569,South,Grocery,46.0,341.83,Credit Card,51.0,15724.18,January,2024Q1
1038,2024-01-28 01:32:20.681362,North,Electronics,4.0,200.79,Debit Card,41.0,803.16,January,2024Q1
1039,2024-01-28 19:05:39.078156,West,Toys,26.0,487.48,Online,49.0,12674.48,January,2024Q1
1040,2024-01-29 12:38:57.474949,East,Furniture,70.0,362.33,Debit Card,18.0,25363.1,January,2024Q1
1041,2024-01-30 06:12:15.871743,North,Electronics,45.0,330.21,Online,45.0,14859.45,January,2024Q1
1042,2024-01-30 23:45:34.268537,East,Toys,34.0,379.74,Cash,62.0,12911.16,January,2024Q1
1043,2024-01-31 17:18:52.665330,North,Toys,23.0,476.56,Unknown,40.0,10960.88,January,2024Q1
1044,2024-02-01 10:52:11.062124,Unknown,Grocery,37.0,454.37,Credit Card,64.0,16811.69,February,2024Q1
1045,2024-02-02 04:25:29.458917,South,Toys,11.0,363.52,Credit Card,57.0,3998.72,February,2024Q1
1046,2024-02-02 21:58:47.855711,West,Toys,6.0,375.84,Debit Card,29.0,2255.04,February,2024Q1
1047,2024-02-03 15:32:06.252505,South,Toys,18.0,77.23,Online,29.0,1390.14,February,2024Q1
1048,2024-02-04 09:05:24.649298,East,Toys,21.0,55.88,Online,63.0,1173.48,February,2024Q1
1049,2024-02-05 02:38:43.046092,East,Clothing,42.0,287.6,Credit Card,64.0,12079.2,February,2024Q1
1050,2024-02-05 20:12:01.442885,North,Clothing,36.0,14.09,Credit Card,32.0,507.24,February,2024Q1
1051,2024-02-06 13:45:19.839679,Unknown,Grocery,41.0,243.77,Online,58.0,9994.57,February,2024Q1
1052,2024-02-07 07:18:38.236472,North,Electronics,38.0,109.12,Credit Card,36.0,4146.56,February,2024Q1
1053,2024-02-08 00:51:56.633266,Unknown,Toys,34.0,176.28,Debit Card,43.0,5993.52,February,2024Q1
1054,2024-02-08 18:25:15.030060,South,Electronics,17.0,389.02,Online,69.0,6613.34,February,2024Q1
1055,2024-02-09 11:58:33.426853,West,Electronics,37.0,470.91,Cash,46.0,17423.67,February,2024Q1
1056,2024-02-10 05:31:51.823647,Unknown,Grocery,25.0,40.85,Cash,39.0,1021.25,February,2024Q1
1057,2024-02-10 23:05:10.220440,North,Toys,38.0,269.45,Cash,57.0,10239.1,February,2024Q1
1058,2024-02-11 16:38:28.617234,North,Toys,12.0,441.85,Credit Card,38.0,5302.2,February,2024Q1
1059,2024-02-12 10:11:47.014028,North,Furniture,23.0,45.84,Online,68.0,1054.32,February,2024Q1
1060,2024-02-13 03:45:05.410821,South,Electronics,42.0,413.13,Cash,55.0,17351.46,February,2024Q1
1061,2024-02-13 21:18:23.807615,South,Electronics,22.0,182.11,Online,37.0,4006.42,February,2024Q1
1062,2024-02-14 14:51:42.204408,South,Clothing,21.0,164.44,Credit Card,46.0,3453.24,February,2024Q1
1063,2024-02-15 08:25:00.601202,South,Furniture,27.0,488.85,Unknown,68.0,13198.95,February,2024Q1
1064,2024-02-16 01:58:18.997995,South,Clothing,31.0,263.135,Cash,21.0,8157.18,February,2024Q1
1065,2024-02-16 19:31:37.394789,South,Clothing,6.0,348.13,Credit Card,24.0,2088.78,February,2024Q1
1066,2024-02-17 13:04:55.791583,East,Clothing,27.0,411.61,Credit Card,45.0,11113.47,February,2024Q1
1067,2024-02-18 06:38:14.188376,North,Grocery,40.0,25.39,Debit Card,45.0,1015.6,February,2024Q1
1068,2024-02-19 00:11:32.585170,South,Grocery,34.0,336.84,Debit Card,21.0,11452.56,February,2024Q1
1069,2024-02-19 17:44:50.981963,North,Clothing,12.0,476.02,Online,39.0,5712.24,February,2024Q1
1070,2024-02-20 11:18:09.378757,Unknown,Furniture,45.0,66.49,Credit Card,29.0,2992.05,February,2024Q1
1071,2024-02-21 04:51:27.775551,North,Electronics,7.0,448.63,Credit Card,62.0,3140.41,February,2024Q1
1072,2024-02-21 22:24:46.172344,North,Furniture,10.0,263.135,Cash,20.0,2631.35,February,2024Q1
1073,2024-02-22 15:58:04.569138,North,Toys,45.0,310.22,Cash,39.0,13959.9,February,2024Q1
1074,2024-02-23 09:31:22.965931,South,Grocery,17.0,308.41,Cash,61.0,5242.97,February,2024Q1
1075,2024-02-24 03:04:41.362725,North,Electronics,26.0,152.92,Unknown,19.0,3975.92,February,2024Q1
1076,2024-02-24 20:37:59.759519,North,Electronics,21.0,467.92,Unknown,45.0,9826.32,February,2024Q1
1077,2024-02-25 14:11:18.156312,North,Toys,28.0,473.94,Online,51.0,13270.32,February,2024Q1
1078,2024-02-26 07:44:36.553106,North,Toys,46.0,314.53,Debit Card,45.0,14468.38,February,2024Q1
1079,2024-02-27 01:17:54.949899,South,Clothing,2.0,392.79,Cash,58.0,785.58,February,2024Q1
1080,2024-02-27 18:51:13.346693,North,Grocery,43.0,308.07,Cash,18.0,13247.01,February,2024Q1
1081,2024-02-28 12:24:31.743486,South,Grocery,1.0,244.78,Cash,94.375,244.78,February,2024Q1
1082,2024-02-29 05:57:50.140280,West,Furniture,36.0,332.11,Online,40.0,11955.96,February,2024Q1
1083,2024-02-29 23:31:08.537074,South,Clothing,26.0,278.74,Credit Card,55.0,7247.24,February,2024Q1
1084,2024-03-01 17:04:26.933867,North,Clothing,29.0,300.75,Cash,23.0,8721.75,March,2024Q1
1085,2024-03-02 10:37:45.330661,South,Clothing,21.0,393.0,Credit Card,39.0,8253.0,March,2024Q1
1086,2024-03-03 04:11:03.727454,South,Clothing,11.0,243.05,Cash,42.0,2673.55,March,2024Q1
1087,2024-03-03 21:44:22.124248,North,Grocery,40.0,263.135,Online,35.0,10525.4,March,2024Q1
1088,2024-03-04 15:17:40.521042,West,Grocery,11.0,86.18,Debit Card,34.0,947.98,March,2024Q1
1089,2024-03-05 08:50:58.917835,South,Clothing,36.0,222.11,Credit Card,29.0,7995.96,March,2024Q1
1090,2024-03-06 02:24:17.314629,East,Furniture,49.0,363.79,Unknown,23.0,17825.71,March,2024Q1
1091,2024-03-06 19:57:35.711422,North,Electronics,26.0,298.67,Debit Card,43.0,7765.42,March,2024Q1
1092,2024-03-07 13:30:54.108216,North,Electronics,40.0,326.9,Credit Card,44.0,13076.0,March,2024Q1
1093,2024-03-08 07:04:12.505010,North,Furniture,70.0,242.24,Credit Card,25.0,16956.8,March,2024Q1
1094,2024-03-09 00:37:30.901803,West,Clothing,34.0,309.79,Credit Card,36.0,10532.86,March,2024Q1
1095,2024-03-09 18:10:49.298597,North,Grocery,47.0,167.86,Credit Card,59.0,7889.42,March,2024Q1
1096,2024-03-10 11:44:07.695390,East,Electronics,24.0,237.74,Unknown,18.0,5705.76,March,2024Q1
1097,2024-03-11 05:17:26.092184,East,Toys,26.0,373.42,Cash,46.0,9708.92,March,2024Q1
1098,2024-03-11 22:50:44.488977,East,Toys,5.0,436.56,Online,45.0,2182.8,March,2024Q1
1099,2024-03-12 16:24:02.885771,North,Furniture,33.0,263.135,Cash,66.0,8683.46,March,2024Q1
1100,2024-03-13 09:57:21.282565,North,Clothing,36.0,26.61,Credit Card,52.0,957.96,March,2024Q1
1101,2024-03-14 03:30:39.679358,North,Electronics,47.0,263.135,Cash,57.0,12367.34,March,2024Q1
1102,2024-03-14 21:03:58.076152,West,Clothing,20.0,15.33,Credit Card,31.0,306.6,March,2024Q1
1103,2024-03-15 14:37:16.472945,South,Electronics,26.0,328.37,Cash,52.0,8537.62,March,2024Q1
1104,2024-03-16 08:10:34.869739,East,Furniture,35.0,169.5,Online,65.0,5932.5,March,2024Q1
1105,2024-03-17 01:43:53.266533,Unknown,Furniture,43.0,273.53,Cash,45.0,11761.79,March,2024Q1
1106,2024-03-17 19:17:11.663326,South,Toys,17.0,249.17,Debit Card,37.0,4235.89,March,2024Q1
1107,2024-03-18 12:50:30.060120,East,Clothing,45.0,45.36,Credit Card,66.0,2041.2,March,2024Q1
1108,2024-03-19 06:23:48.456913,North,Toys,43.0,204.61,Credit Card,30.0,8798.23,March,2024Q1
1109,2024-03-19 23:57:06.853707,South,Clothing,34.0,114.18,Credit Card,55.0,3882.12,March,2024Q1
1110,2024-03-20 17:30:25.250501,North,Toys,26.0,212.11,Debit Card,66.0,5514.86,March,2024Q1
1111,2024-03-21 11:03:43.647294,South,Grocery,26.0,105.77,Credit Card,63.0,2750.02,March,2024Q1
1112,2024-03-22 04:37:02.044088,North,Grocery,2.0,421.02,Cash,66.0,842.04,March,2024Q1
1113,2024-03-22 22:10:20.440881,Unknown,Grocery,9.0,91.23,Debit Card,25.0,821.07,March,2024Q1
1114,2024-03-23 15:43:38.837675,South,Grocery,9.0,480.59,Cash,60.0,4325.31,March,2024Q1
1115,2024-03-24 09:16:57.234468,West,Electronics,40.0,263.135,Credit Card,37.0,10525.4,March,2024Q1
1116,2024-03-25 02:50:15.631262,South,Grocery,17.0,423.89,Credit Card,50.0,7206.13,March,2024Q1
1117,2024-03-25 20:23:34.028056,South,Furniture,1.0,316.24,Online,43.0,316.24,March,2024Q1
1118,2024-03-26 13:56:52.424849,North,Furniture,25.0,369.0,Debit Card,56.0,9225.0,March,2024Q1
1119,2024-03-27 07:30:10.821643,South,Electronics,43.0,263.135,Cash,38.0,11314.8,March,2024Q1
1120,2024-03-28 01:03:29.218436,East,Grocery,40.0,254.9,Credit Card,66.0,10196.0,March,2024Q1
1121,2024-03-28 18:36:47.615230,South,Grocery,42.0,273.93,Unknown,59.0,11505.06,March,2024Q1
1122,2024-03-29 12:10:06.012024,South,Grocery,25.0,259.43,Debit Card,60.0,6485.75,March,2024Q1
1123,2024-03-30 05:43:24.408817,South,Toys,39.0,296.09,Cash,58.0,11547.51,March,2024Q1
1124,2024-03-30 23:16:42.805611,North,Clothing,35.0,19.55,Online,26.0,684.25,March,2024Q1
1125,2024-03-31 16:50:01.202404,South,Toys,3.0,200.78,Credit Card,41.0,602.34,March,2024Q1
1126,2024-04-01 10:23:19.599198,East,Clothing,37.0,305.06,Cash,54.0,11287.22,April,2024Q2
1127,2024-04-02 03:56:37.995991,South,Grocery,44.0,300.87,Debit Card,66.0,13238.28,April,2024Q2
1128,2024-04-02 21:29:56.392785,South,Grocery,44.0,397.51,Credit Card,58.0,17490.44,April,2024Q2
1129,2024-04-03 15:03:14.789579,North,Toys,26.0,329.23,Unknown,34.0,8559.98,April,2024Q2
1130,2024-04-04 08:36:33.186372,East,Toys,38.0,263.135,Debit Card,41.0,9999.13,April,2024Q2
1131,2024-04-05 02:09:51.583166,East,Clothing,34.0,145.51,Debit Card,38.0,4947.34,April,2024Q2
1132,2024-04-05 19:43:09.979959,South,Furniture,12.0,182.78,Credit Card,68.0,2193.36,April,2024Q2
1133,2024-04-06 13:16:28.376753,North,Clothing,19.0,195.0,Credit Card,56.0,3705.0,April,2024Q2
1134,2024-04-07 06:49:46.773547,South,Toys,37.0,235.58,Cash,58.0,8716.46,April,2024Q2
1135,2024-04-08 00:23:05.170340,Unknown,Toys,44.0,418.82,Debit Card,56.0,18428.08,April,2024Q2
1136,2024-04-08 17:56:23.567134,South,Electronics,49.0,263.135,Credit Card,30.0,12893.62,April,2024Q2
1137,2024-04-09 11:29:41.963927,East,Toys,17.0,389.12,Cash,28.0,6615.04,April,2024Q2
1138,2024-04-10 05:03:00.360721,North,Electronics,10.0,205.63,Debit Card,63.0,2056.3,April,2024Q2
1139,2024-04-10 22:36:18.757515,South,Furniture,49.0,302.92,Credit Card,36.0,14843.08,April,2024Q2
1140,2024-04-11 16:09:37.154308,Unknown,Clothing,47.0,318.11,Debit Card,28.0,14951.17,April,2024Q2
1141,2024-04-12 09:42:55.551102,Unknown,Clothing,12.0,189.56,Credit Card,30.0,2274.72,April,2024Q2
1142,2024-04-13 03:16:13.947895,South,Electronics,16.0,258.74,Unknown,63.0,4139.84,April,2024Q2
1143,2024-04-13 20:49:32.344689,East,Clothing,24.0,209.45,Cash,62.0,5026.8,April,2024Q2
1144,2024-04-14 14:22:50.741482,South,Toys,19.0,39.22,Credit Card,18.0,745.18,April,2024Q2
1145,2024-04-15 07:56:09.138276,South,Grocery,8.0,221.4,Cash,57.0,1771.2,April,2024Q2
1146,2024-04-16 01:29:27.535070,North,Electronics,31.0,53.21,Cash,61.0,1649.51,April,2024Q2
1147,2024-04-16 19:02:45.931863,West,Clothing,21.0,205.49,Debit Card,36.0,4315.29,April,2024Q2
1148,2024-04-17 12:36:04.328657,East,Electronics,17.0,298.49,Debit Card,29.0,5074.33,April,2024Q2
1149,2024-04-18 06:09:22.725450,North,Electronics,23.0,291.81,Debit Card,25.0,6711.63,April,2024Q2
1150,2024-04-18 23:42:41.122244,South,Grocery,26.0,333.0,Credit Card,25.0,8658.0,April,2024Q2
1151,2024-04-19 17:15:59.519038,Unknown,Toys,16.0,52.15,Credit Card,62.0,834.4,April,2024Q2
1152,2024-04-20 10:49:17.915831,South,Electronics,6.0,327.8,Credit Card,29.0,1966.8,April,2024Q2
1153,2024-04-21 04:22:36.312625,North,Clothing,8.0,159.51,Debit Card,65.0,1276.08,April,2024Q2
1154,2024-04-21 21:55:54.709418,East,Furniture,25.0,202.53,Online,50.0,5063.25,April,2024Q2
1155,2024-04-22 15:29:13.106212,Unknown,Electronics,18.0,429.7,Cash,62.0,7734.6,April,2024Q2
1156,2024-04-23 09:02:31.503006,South,Electronics,25.0,9.47,Credit Card,43.0,236.75,April,2024Q2
1157,2024-04-24 02:35:49.899799,West,Grocery,12.0,296.26,Debit Card,45.0,3555.12,April,2024Q2
1158,2024-04-24 20:09:08.296593,North,Toys,15.0,301.36,Online,45.0,4520.4,April,2024Q2
1159,2024-04-25 13:42:26.693386,South,Furniture,26.0,201.35,Debit Card,22.0,5235.1,April,2024Q2
1160,2024-04-26 07:15:45.090180,North,Clothing,41.0,122.33,Online,25.0,5015.53,April,2024Q2
1161,2024-04-27 00:49:03.486973,South,Furniture,45.0,121.16,Credit Card,42.0,5452.2,April,2024Q2
1162,2024-04-27 18:22:21.883767,West,Clothing,26.0,442.44,Credit Card,-2.625,11503.44,April,2024Q2
1163,2024-04-28 11:55:40.280561,West,Toys,47.0,223.8,Online,63.0,10518.6,April,2024Q2
1164,2024-04-29 05:28:58.677354,East,Clothing,32.0,168.79,Debit Card,40.0,5401.28,April,2024Q2
1165,2024-04-29 23:02:17.074148,North,Grocery,10.0,227.14,Cash,47.0,2271.4,April,2024Q2
1166,2024-04-30 16:35:35.470941,South,Grocery,16.0,336.35,Debit Card,62.0,5381.6,April,2024Q2
1167,2024-05-01 10:08:53.867735,South,Grocery,7.0,77.15,Online,64.0,540.05,May,2024Q2
1168,2024-05-02 03:42:12.264529,North,Grocery,17.0,227.47,Debit Card,40.0,3866.99,May,2024Q2
1169,2024-05-02 21:15:30.661322,North,Furniture,23.0,296.0,Debit Card,45.0,6808.0,May,2024Q2
1170,2024-05-03 14:48:49.058116,West,Toys,26.0,263.135,Cash,64.0,6841.51,May,2024Q2
1171,2024-05-04 08:22:07.454909,West,Clothing,21.0,130.0,Cash,37.0,2730.0,May,2024Q2
1172,2024-05-05 01:55:25.851703,North,Clothing,22.0,263.135,Cash,35.0,5788.97,May,2024Q2
1173,2024-05-05 19:28:44.248496,East,Grocery,7.0,192.78,Online,35.0,1349.46,May,2024Q2
1174,2024-05-06 13:02:02.645290,South,Grocery,14.0,304.74,Online,94.375,4266.36,May,2024Q2
1175,2024-05-07 06:35:21.042084,West,Electronics,15.0,181.58,Online,21.0,2723.7,May,2024Q2
1176,2024-05-08 00:08:39.438877,North,Toys,7.0,269.09,Credit Card,47.0,1883.63,May,2024Q2
1177,2024-05-08 17:41:57.835671,West,Furniture,9.0,391.99,Debit Card,50.0,3527.91,May,2024Q2
1178,2024-05-09 11:15:16.232464,South,Clothing,48.0,354.17,Debit Card,53.0,17000.16,May,2024Q2
1179,2024-05-10 04:48:34.629258,Unknown,Electronics,8.0,225.95,Debit Card,35.0,1807.6,May,2024Q2
1180,2024-05-10 22:21:53.026052,North,Electronics,23.0,432.79,Debit Card,54.0,9954.17,May,2024Q2
1181,2024-05-11 15:55:11.422845,South,Clothing,29.0,281.28,Online,36.0,8157.12,May,2024Q2
1182,2024-05-12 09:28:29.819639,North,Furniture,18.0,272.25,Cash,64.0,4900.5,May,2024Q2
1183,2024-05-13 03:01:48.216432,Unknown,Electronics,31.0,21.92,Cash,45.0,679.52,May,2024Q2
1184,2024-05-13 20:35:06.613226,South,Electronics,30.0,263.135,Credit Card,57.0,7894.05,May,2024Q2
1185,2024-05-14 14:08:25.010020,South,Toys,39.0,65.87,Cash,37.0,2568.93,May,2024Q2
1186,2024-05-15 07:41:43.406813,West,Furniture,35.0,119.41,Debit Card,66.0,4179.35,May,2024Q2
1187,2024-05-16 01:15:01.803607,South,Electronics,18.0,30.59,Debit Card,50.0,550.62,May,2024Q2
1188,2024-05-16 18:48:20.200400,West,Furniture,42.0,321.8,Credit Card,29.0,13515.6,May,2024Q2
1189,2024-05-17 12:21:38.597194,East,Clothing,39.0,116.23,Credit Card,68.0,4532.97,May,2024Q2
1190,2024-05-18 05:54:56.993987,South,Grocery,17.0,94.11,Debit Card,45.0,1599.87,May,2024Q2
1191,2024-05-18 23:28:15.390781,North,Electronics,14.0,48.84,Credit Card,58.0,683.76,May,2024Q2
1192,2024-05-19 17:01:33.787575,South,Toys,31.0,56.14,Credit Card,56.0,1740.34,May,2024Q2
1193,2024-05-20 10:34:52.184368,Unknown,Clothing,70.0,294.41,Credit Card,19.0,20608.7,May,2024Q2
1194,2024-05-21 04:08:10.581162,West,Furniture,35.0,345.66,Credit Card,46.0,12098.1,May,2024Q2
1195,2024-05-21 21:41:28.977955,South,Clothing,44.0,201.7,Credit Card,58.0,8874.8,May,2024Q2
1196,2024-05-22 15:14:47.374749,South,Electronics,45.0,242.55,Cash,27.0,10914.75,May,2024Q2
1197,2024-05-23 08:48:05.771543,North,Furniture,26.0,344.55,Cash,19.0,8958.3,May,2024Q2
1198,2024-05-24 02:21:24.168336,South,Grocery,3.0,13.6,Online,45.0,40.8,May,2024Q2
1199,2024-05-24 19:54:42.565130,South,Clothing,37.0,164.95,Cash,28.0,6103.15,May,2024Q2
1200,2024-05-25 13:28:00.961923,North,Electronics,43.0,486.68,Debit Card,30.0,20927.24,May,2024Q2
1201,2024-05-26 07:01:19.358717,West,Toys,40.0,292.16,Credit Card,27.0,11686.4,May,2024Q2
1202,2024-05-27 00:34:37.755511,North,Furniture,26.0,130.84,Credit Card,31.0,3401.84,May,2024Q2
1203,2024-05-27 18:07:56.152304,North,Clothing,23.0,263.26,Debit Card,35.0,6054.98,May,2024Q2
1204,2024-05-28 11:41:14.549098,South,Clothing,44.0,174.61,Credit Card,68.0,7682.84,May,2024Q2
1205,2024-05-29 05:14:32.945891,West,Grocery,39.0,268.46,Cash,26.0,10469.94,May,2024Q2
1206,2024-05-29 22:47:51.342685,North,Grocery,15.0,67.24,Debit Card,56.0,1008.6,May,2024Q2
1207,2024-05-30 16:21:09.739478,North,Toys,49.0,70.69,Debit Card,45.0,3463.81,May,2024Q2
1208,2024-05-31 09:54:28.136272,West,Toys,4.0,76.05,Credit Card,20.0,304.2,May,2024Q2
1209,2024-06-01 03:27:46.533066,North,Electronics,29.0,470.21,Cash,37.0,13636.09,June,2024Q2
1210,2024-06-01 21:01:04.929859,North,Electronics,22.0,367.78,Debit Card,45.0,8091.16,June,2024Q2
1211,2024-06-02 14:34:23.326653,East,Toys,25.0,85.38,Credit Card,44.0,2134.5,June,2024Q2
1212,2024-06-03 08:07:41.723446,West,Toys,13.0,98.23,Debit Card,45.0,1276.99,June,2024Q2
1213,2024-06-04 01:41:00.120240,West,Furniture,18.0,366.76,Debit Card,46.0,6601.68,June,2024Q2
1214,2024-06-04 19:14:18.517034,South,Grocery,33.0,82.3,Unknown,55.0,2715.9,June,2024Q2
1215,2024-06-05 12:47:36.913827,North,Electronics,16.0,121.11,Credit Card,20.0,1937.76,June,2024Q2
1216,2024-06-06 06:20:55.310621,South,Grocery,45.0,481.86,Online,33.0,21683.7,June,2024Q2
1217,2024-06-06 23:54:13.707414,South,Grocery,42.0,131.38,Cash,47.0,5517.96,June,2024Q2
1218,2024-06-07 17:27:32.104208,North,Toys,44.0,332.51,Cash,57.0,14630.44,June,2024Q2
1219,2024-06-08 11:00:50.501002,West,Furniture,2.0,489.42,Credit Card,19.0,978.84,June,2024Q2
1220,2024-06-09 04:34:08.897795,South,Clothing,26.0,190.28,Debit Card,34.0,4947.28,June,2024Q2
1221,2024-06-09 22:07:27.294589,West,Furniture,42.0,13.67,Credit Card,58.0,574.14,June,2024Q2
1222,2024-06-10 15:40:45.691382,West,Furniture,34.0,125.85,Cash,29.0,4278.9,June,2024Q2
1223,2024-06-11 09:14:04.088176,North,Grocery,30.0,416.28,Credit Card,52.0,12488.4,June,2024Q2
1224,2024-06-12 02:47:22.484969,South,Furniture,13.0,432.98,Online,60.0,5628.74,June,2024Q2
1225,2024-06-12 20:20:40.881763,South,Electronics,13.0,385.42,Debit Card,18.0,5010.46,June,2024Q2
1226,2024-06-13 13:53:59.278557,South,Grocery,18.0,60.99,Debit Card,62.0,1097.82,June,2024Q2
1227,2024-06-14 07:27:17.675350,Unknown,Electronics,32.0,398.78,Credit Card,32.0,12760.96,June,2024Q2
1228,2024-06-15 01:00:36.072144,South,Clothing,32.0,459.75,Credit Card,43.0,14712.0,June,2024Q2
1229,2024-06-15 18:33:54.468937,South,Grocery,35.0,302.3,Debit Card,54.0,10580.5,June,2024Q2
1230,2024-06-16 12:07:12.865731,West,Clothing,39.0,470.73,Cash,38.0,18358.47,June,2024Q2
1231,2024-06-17 05:40:31.262525,North,Grocery,46.0,414.29,Credit Card,66.0,19057.34,June,2024Q2
1232,2024-06-17 23:13:49.659318,East,Toys,29.0,263.135,Debit Card,48.0,7630.92,June,2024Q2
1233,2024-06-18 16:47:08.056112,West,Furniture,49.0,263.135,Unknown,42.0,12893.62,June,2024Q2
1234,2024-06-19 10:20:26.452905,East,Toys,29.0,177.54,Debit Card,40.0,5148.66,June,2024Q2
1235,2024-06-20 03:53:44.849699,North,Clothing,44.0,83.85,Debit Card,41.0,3689.4,June,2024Q2
1236,2024-06-20 21:27:03.246492,North,Furniture,16.0,304.45,Unknown,45.0,4871.2,June,2024Q2
1237,2024-06-21 15:00:21.643286,South,Grocery,44.0,162.47,Credit Card,45.0,7148.68,June,2024Q2
1238,2024-06-22 08:33:40.040080,North,Furniture,47.0,433.89,Debit Card,38.0,20392.83,June,2024Q2
1239,2024-06-23 02:06:58.436873,West,Electronics,26.0,496.7,Unknown,60.0,12914.2,June,2024Q2
1240,2024-06-23 19:40:16.833667,North,Furniture,26.0,377.45,Credit Card,35.0,9813.7,June,2024Q2
1241,2024-06-24 13:13:35.230460,Unknown,Electronics,25.0,49.79,Debit Card,53.0,1244.75,June,2024Q2
1242,2024-06-25 06:46:53.627254,Unknown,Furniture,26.0,147.9,Debit Card,52.0,3845.4,June,2024Q2
1243,2024-06-26 00:20:12.024048,Unknown,Electronics,20.0,59.01,Debit Card,62.0,1180.2,June,2024Q2
1244,2024-06-26 17:53:30.420841,South,Clothing,5.0,327.0,Debit Card,26.0,1635.0,June,2024Q2
1245,2024-06-27 11:26:48.817635,North,Toys,1.0,383.77,Online,55.0,383.77,June,2024Q2
1246,2024-06-28 05:00:07.214428,Unknown,Grocery,26.0,463.21,Debit Card,47.0,12043.46,June,2024Q2
1247,2024-06-28 22:33:25.611222,East,Furniture,26.0,221.9,Credit Card,61.0,5769.4,June,2024Q2
1248,2024-06-29 16:06:44.008016,Unknown,Toys,3.0,451.18,Online,51.0,1353.54,June,2024Q2
1249,2024-06-30 09:40:02.404809,Unknown,Grocery,70.0,439.56,Credit Card,49.0,30769.2,June,2024Q2
1250,2024-07-01 03:13:20.801603,South,Grocery,14.0,162.01,Cash,20.0,2268.14,July,2024Q3
1251,2024-07-01 20:46:39.198396,South,Electronics,30.0,435.11,Cash,20.0,13053.3,July,2024Q3
1252,2024-07-02 14:19:57.595190,South,Clothing,4.0,190.96,Cash,45.0,763.84,July,2024Q3
1253,2024-07-03 07:53:15.991983,South,Clothing,18.0,263.135,Cash,61.0,4736.43,July,2024Q3
1254,2024-07-04 01:26:34.388777,South,Toys,37.0,326.29,Online,32.0,12072.73,July,2024Q3
1255,2024-07-04 18:59:52.785571,North,Clothing,25.0,167.55,Debit Card,58.0,4188.75,July,2024Q3
1256,2024-07-05 12:33:11.182364,West,Furniture,48.0,316.95,Debit Card,40.0,15213.6,July,2024Q3
1257,2024-07-06 06:06:29.579158,Unknown,Clothing,1.0,306.87,Credit Card,57.0,306.87,July,2024Q3
1258,2024-07-06 23:39:47.975951,West,Toys,46.0,283.9,Online,28.0,13059.4,July,2024Q3
1259,2024-07-07 17:13:06.372745,West,Clothing,15.0,193.31,Online,65.0,2899.65,July,2024Q3
1260,2024-07-08 10:46:24.769539,North,Furniture,9.0,276.51,Debit Card,49.0,2488.59,July,2024Q3
1261,2024-07-09 04:19:43.166332,West,Electronics,26.0,300.26,Credit Card,53.0,7806.76,July,2024Q3
1262,2024-07-09 21:53:01.563126,Unknown,Toys,49.0,275.12,Credit Card,45.0,13480.88,July,2024Q3
1263,2024-07-10 15:26:19.959919,North,Electronics,24.0,263.135,Credit Card,41.0,6315.24,July,2024Q3
1264,2024-07-11 08:59:38.356713,East,Electronics,4.0,12.26,Credit Card,56.0,49.04,July,2024Q3
1265,2024-07-12 02:32:56.753507,South,Electronics,12.0,295.6,Cash,51.0,3547.2,July,2024Q3
1266,2024-07-12 20:06:15.150300,North,Grocery,37.0,88.38,Online,45.0,3270.06,July,2024Q3
1267,2024-07-13 13:39:33.547094,West,Grocery,37.0,323.08,Cash,54.0,11953.96,July,2024Q3
1268,2024-07-14 07:12:51.943887,North,Electronics,43.0,380.88,Credit Card,24.0,16377.84,July,2024Q3
1269,2024-07-15 00:46:10.340681,South,Toys,70.0,252.72,Credit Card,21.0,17690.4,July,2024Q3
1270,2024-07-15 18:19:28.737474,South,Furniture,39.0,273.47,Credit Card,54.0,10665.33,July,2024Q3
1271,2024-07-16 11:52:47.134268,South,Furniture,26.0,475.98,Credit Card,18.0,12375.48,July,2024Q3
1272,2024-07-17 05:26:05.531062,South,Clothing,24.0,424.35,Credit Card,45.0,10184.4,July,2024Q3
1273,2024-07-17 22:59:23.927855,South,Toys,11.0,457.55,Credit Card,45.0,5033.05,July,2024Q3
1274,2024-07-18 16:32:42.324649,Unknown,Grocery,13.0,407.81,Debit Card,37.0,5301.53,July,2024Q3
1275,2024-07-19 10:06:00.721442,East,Electronics,34.0,58.91,Unknown,36.0,2002.94,July,2024Q3
1276,2024-07-20 03:39:19.118236,East,Clothing,25.0,78.75,Cash,45.0,1968.75,July,2024Q3
1277,2024-07-20 21:12:37.515030,North,Furniture,7.0,265.68,Cash,27.0,1859.76,July,2024Q3
1278,2024-07-21 14:45:55.911823,West,Grocery,4.0,126.8,Online,35.0,507.2,July,2024Q3
1279,2024-07-22 08:19:14.308617,North,Grocery,8.0,240.96,Credit Card,45.0,1927.68,July,2024Q3
1280,2024-07-23 01:52:32.705410,North,Electronics,20.0,200.21,Credit Card,52.0,4004.2,July,2024Q3
1281,2024-07-23 19:25:51.102204,South,Furniture,29.0,276.96,Online,60.0,8031.84,July,2024Q3
1282,2024-07-24 12:59:09.498997,South,Toys,45.0,374.7,Credit Card,64.0,16861.5,July,2024Q3
1283,2024-07-25 06:32:27.895791,South,Grocery,46.0,359.17,Debit Card,48.0,16521.82,July,2024Q3
1284,2024-07-26 00:05:46.292585,North,Electronics,10.0,263.01,Debit Card,44.0,2630.1,July,2024Q3
1285,2024-07-26 17:39:04.689378,West,Toys,43.0,412.08,Cash,28.0,17719.44,July,2024Q3
1286,2024-07-27 11:12:23.086172,North,Furniture,34.0,218.28,Cash,66.0,7421.52,July,2024Q3
1287,2024-07-28 04:45:41.482965,East,Grocery,26.0,448.87,Debit Card,45.0,11670.62,July,2024Q3
1288,2024-07-28 22:18:59.879759,East,Toys,41.0,263.135,Credit Card,55.0,10788.54,July,2024Q3
1289,2024-07-29 15:52:18.276553,South,Toys,49.0,477.56,Credit Card,22.0,23400.44,July,2024Q3
1290,2024-07-30 09:25:36.673346,West,Toys,3.0,329.07,Debit Card,25.0,987.21,July,2024Q3
1291,2024-07-31 02:58:55.070140,North,Grocery,6.0,193.14,Cash,51.0,1158.84,July,2024Q3
1292,2024-07-31 20:32:13.466933,North,Grocery,5.0,102.59,Credit Card,65.0,512.95,July,2024Q3
1293,2024-08-01 14:05:31.863727,South,Clothing,5.0,263.135,Online,69.0,1315.68,August,2024Q3
1294,2024-08-02 07:38:50.260521,South,Furniture,47.0,101.31,Cash,29.0,4761.57,August,2024Q3
1295,2024-08-03 01:12:08.657314,North,Electronics,23.0,87.33,Online,55.0,2008.59,August,2024Q3
1296,2024-08-03 18:45:27.054108,East,Toys,49.0,310.59,Debit Card,18.0,15218.91,August,2024Q3
1297,2024-08-04 12:18:45.450901,North,Clothing,9.0,263.93,Debit Card,48.0,2375.37,August,2024Q3
1298,2024-08-05 05:52:03.847695,South,Electronics,35.0,336.7,Cash,21.0,11784.5,August,2024Q3
1299,2024-08-05 23:25:22.244488,West,Clothing,20.0,465.15,Unknown,66.0,9303.0,August,2024Q3
1300,2024-08-06 16:58:40.641282,North,Grocery,49.0,268.47,Credit Card,62.0,13155.03,August,2024Q3
1301,2024-08-07 10:31:59.038076,North,Toys,42.0,292.56,Debit Card,67.0,12287.52,August,2024Q3
1302,2024-08-08 04:05:17.434869,East,Electronics,35.0,49.37,Credit Card,22.0,1727.95,August,2024Q3
1303,2024-08-08 21:38:35.831663,East,Electronics,18.0,360.23,Cash,47.0,6484.14,August,2024Q3
1304,2024-08-09 15:11:54.228456,West,Electronics,17.0,202.95,Cash,41.0,3450.15,August,2024Q3
1305,2024-08-10 08:45:12.625250,North,Electronics,24.0,488.48,Online,20.0,11723.52,August,2024Q3
1306,2024-08-11 02:18:31.022044,Unknown,Electronics,3.0,412.47,Unknown,28.0,1237.41,August,2024Q3
1307,2024-08-11 19:51:49.418837,East,Clothing,32.0,263.63,Credit Card,62.0,8436.16,August,2024Q3
1308,2024-08-12 13:25:07.815631,South,Toys,35.0,66.0,Credit Card,21.0,2310.0,August,2024Q3
1309,2024-08-13 06:58:26.212424,North,Grocery,38.0,430.41,Debit Card,43.0,16355.58,August,2024Q3
1310,2024-08-14 00:31:44.609218,South,Grocery,13.0,400.89,Cash,44.0,5211.57,August,2024Q3
1311,2024-08-14 18:05:03.006012,East,Grocery,47.0,263.135,Credit Card,45.0,12367.34,August,2024Q3
1312,2024-08-15 11:38:21.402805,North,Grocery,25.0,151.16,Debit Card,60.0,3779.0,August,2024Q3
1313,2024-08-16 05:11:39.799599,North,Clothing,9.0,397.74,Cash,44.0,3579.66,August,2024Q3
1314,2024-08-16 22:44:58.196392,Unknown,Furniture,4.0,96.69,Unknown,59.0,386.76,August,2024Q3
1315,2024-08-17 16:18:16.593186,South,Toys,14.0,459.29,Credit Card,68.0,6430.06,August,2024Q3
1316,2024-08-18 09:51:34.989979,West,Electronics,37.0,215.14,Cash,67.0,7960.18,August,2024Q3
1317,2024-08-19 03:24:53.386773,East,Furniture,34.0,48.08,Cash,23.0,1634.72,August,2024Q3
1318,2024-08-19 20:58:11.783567,North,Grocery,26.0,408.8,Debit Card,32.0,10628.8,August,2024Q3
1319,2024-08-20 14:31:30.180360,North,Furniture,41.0,189.89,Cash,47.0,7785.49,August,2024Q3
1320,2024-08-21 08:04:48.577154,South,Toys,3.0,265.62,Debit Card,59.0,796.86,August,2024Q3
1321,2024-08-22 01:38:06.973947,East,Electronics,28.0,60.59,Credit Card,54.0,1696.52,August,2024Q3
1322,2024-08-22 19:11:25.370741,North,Electronics,29.0,6.28,Online,54.0,182.12,August,2024Q3
1323,2024-08-23 12:44:43.767535,West,Toys,9.0,320.8,Cash,59.0,2887.2,August,2024Q3
1324,2024-08-24 06:18:02.164328,South,Toys,3.0,260.01,Credit Card,54.0,780.03,August,2024Q3
1325,2024-08-24 23:51:20.561122,Unknown,Grocery,25.0,298.8,Debit Card,52.0,7470.0,August,2024Q3
1326,2024-08-25 17:24:38.957915,North,Electronics,34.0,397.9,Credit Card,40.0,13528.6,August,2024Q3
1327,2024-08-26 10:57:57.354709,West,Furniture,12.0,325.07,Credit Card,23.0,3900.84,August,2024Q3
1328,2024-08-27 04:31:15.751503,West,Clothing,42.0,91.51,Online,21.0,3843.42,August,2024Q3
1329,2024-08-27 22:04:34.148296,East,Clothing,9.0,183.58,Cash,45.0,1652.22,August,2024Q3
1330,2024-08-28 15:37:52.545090,South,Toys,15.0,453.42,Debit Card,26.0,6801.3,August,2024Q3
1331,2024-08-29 09:11:10.941883,South,Grocery,26.0,386.12,Credit Card,66.0,10039.12,August,2024Q3
1332,2024-08-30 02:44:29.338677,North,Clothing,25.0,280.54,Debit Card,46.0,7013.5,August,2024Q3
1333,2024-08-30 20:17:47.735470,North,Electronics,5.0,131.54,Credit Card,30.0,657.7,August,2024Q3
1334,2024-08-31 13:51:06.132264,North,Toys,11.0,154.52,Cash,64.0,1699.72,August,2024Q3
1335,2024-09-01 07:24:24.529058,North,Furniture,34.0,263.135,Unknown,69.0,8946.59,September,2024Q3
1336,2024-09-02 00:57:42.925851,North,Toys,24.0,426.33,Debit Card,34.0,10231.92,September,2024Q3
1337,2024-09-02 18:31:01.322645,South,Furniture,15.0,337.36,Cash,62.0,5060.4,September,2024Q3
1338,2024-09-03 12:04:19.719438,North,Toys,38.0,405.72,Cash,49.0,15417.36,September,2024Q3
1339,2024-09-04 05:37:38.116232,East,Toys,8.0,384.49,Online,65.0,3075.92,September,2024Q3
1340,2024-09-04 23:10:56.513026,North,Toys,5.0,79.1,Cash,39.0,395.5,September,2024Q3
1341,2024-09-05 16:44:14.909819,East,Furniture,48.0,214.85,Debit Card,21.0,10312.8,September,2024Q3
1342,2024-09-06 10:17:33.306613,East,Furniture,26.0,80.73,Debit Card,22.0,2098.98,September,2024Q3
1343,2024-09-07 03:50:51.703406,North,Toys,18.0,121.44,Credit Card,54.0,2185.92,September,2024Q3
1344,2024-09-07 21:24:10.100200,East,Clothing,6.0,435.28,Credit Card,58.0,2611.68,September,2024Q3
1345,2024-09-08 14:57:28.496993,South,Grocery,37.0,239.08,Debit Card,66.0,8845.96,September,2024Q3
1346,2024-09-09 08:30:46.893787,West,Grocery,48.0,270.0,Credit Card,30.0,12960.0,September,2024Q3
1347,2024-09-10 02:04:05.290581,West,Grocery,26.0,93.33,Credit Card,51.0,2426.58,September,2024Q3
1348,2024-09-10 19:37:23.687374,North,Furniture,28.0,159.57,Online,62.0,4467.96,September,2024Q3
1349,2024-09-11 13:10:42.084168,South,Furniture,5.0,118.97,Debit Card,39.0,594.85,September,2024Q3
1350,2024-09-12 06:44:00.480961,West,Clothing,13.0,107.06,Debit Card,40.0,1391.78,September,2024Q3
1351,2024-09-13 00:17:18.877755,East,Grocery,17.0,320.79,Debit Card,68.0,5453.43,September,2024Q3
1352,2024-09-13 17:50:37.274549,South,Grocery,40.0,132.16,Debit Card,20.0,5286.4,September,2024Q3
1353,2024-09-14 11:23:55.671342,West,Toys,45.0,317.85,Credit Card,59.0,14303.25,September,2024Q3
1354,2024-09-15 04:57:14.068136,North,Furniture,32.0,33.94,Cash,51.0,1086.08,September,2024Q3
1355,2024-09-15 22:30:32.464929,North,Grocery,29.0,75.18,Credit Card,49.0,2180.22,September,2024Q3
1356,2024-09-16 16:03:50.861723,West,Clothing,3.0,140.9,Cash,62.0,422.7,September,2024Q3
1357,2024-09-17 09:37:09.258517,North,Clothing,40.0,300.54,Debit Card,68.0,12021.6,September,2024Q3
1358,2024-09-18 03:10:27.655310,West,Grocery,34.0,339.54,Cash,66.0,11544.36,September,2024Q3
1359,2024-09-18 20:43:46.052104,Unknown,Furniture,40.0,224.14,Cash,38.0,8965.6,September,2024Q3
1360,2024-09-19 14:17:04.448897,West,Clothing,27.0,225.67,Cash,63.0,6093.09,September,2024Q3
1361,2024-09-20 07:50:22.845691,South,Toys,13.0,363.64,Credit Card,61.0,4727.32,September,2024Q3
1362,2024-09-21 01:23:41.242484,West,Clothing,45.0,263.135,Cash,45.0,11841.08,September,2024Q3
1363,2024-09-21 18:56:59.639278,East,Electronics,33.0,173.84,Credit Card,61.0,5736.72,September,2024Q3
1364,2024-09-22 12:30:18.036072,East,Electronics,6.0,410.26,Credit Card,28.0,2461.56,September,2024Q3
1365,2024-09-23 06:03:36.432865,Unknown,Furniture,24.0,303.59,Credit Card,56.0,7286.16,September,2024Q3
1366,2024-09-23 23:36:54.829659,South,Grocery,19.0,171.93,Cash,21.0,3266.67,September,2024Q3
1367,2024-09-24 17:10:13.226452,Unknown,Furniture,16.0,453.23,Debit Card,68.0,7251.68,September,2024Q3
1368,2024-09-25 10:43:31.623246,Unknown,Furniture,26.0,387.45,Credit Card,18.0,10073.7,September,2024Q3
1369,2024-09-26 04:16:50.020040,North,Furniture,28.0,136.12,Cash,45.0,3811.36,September,2024Q3
1370,2024-09-26 21:50:08.416833,North,Furniture,33.0,324.42,Debit Card,41.0,10705.86,September,2024Q3
1371,2024-09-27 15:23:26.813627,North,Toys,48.0,299.9,Credit Card,52.0,14395.2,September,2024Q3
1372,2024-09-28 08:56:45.210420,North,Toys,41.0,203.59,Online,30.0,8347.19,September,2024Q3
1373,2024-09-29 02:30:03.607214,North,Clothing,13.0,186.64,Cash,64.0,2426.32,September,2024Q3
1374,2024-09-29 20:03:22.004008,West,Electronics,43.0,175.06,Cash,51.0,7527.58,September,2024Q3
1375,2024-09-30 13:36:40.400801,North,Furniture,45.0,310.49,Debit Card,28.0,13972.05,September,2024Q3
1376,2024-10-01 07:09:58.797595,South,Clothing,25.0,223.99,Credit Card,53.0,5599.75,October,2024Q4
1377,2024-10-02 00:43:17.194388,South,Electronics,42.0,416.77,Debit Card,68.0,17504.34,October,2024Q4
1378,2024-10-02 18:16:35.591182,North,Grocery,36.0,336.45,Cash,34.0,12112.2,October,2024Q4
1379,2024-10-03 11:49:53.987975,South,Toys,27.0,39.62,Online,52.0,1069.74,October,2024Q4
1380,2024-10-04 05:23:12.384769,South,Electronics,38.0,321.88,Credit Card,35.0,12231.44,October,2024Q4
1381,2024-10-04 22:56:30.781563,North,Grocery,7.0,139.22,Cash,57.0,974.54,October,2024Q4
1382,2024-10-05 16:29:49.178356,West,Electronics,5.0,298.44,Debit Card,39.0,1492.2,October,2024Q4
1383,2024-10-06 10:03:07.575150,West,Toys,26.0,341.67,Credit Card,41.0,8883.42,October,2024Q4
1384,2024-10-07 03:36:25.971943,South,Toys,45.0,119.26,Cash,36.0,5366.7,October,2024Q4
1385,2024-10-07 21:09:44.368737,North,Clothing,31.0,231.15,Debit Card,54.0,7165.65,October,2024Q4
1386,2024-10-08 14:43:02.765531,South,Furniture,23.0,99.21,Online,56.0,2281.83,October,2024Q4
1387,2024-10-09 08:16:21.162324,South,Electronics,26.0,30.91,Cash,38.0,803.66,October,2024Q4
1388,2024-10-10 01:49:39.559118,North,Electronics,10.0,192.35,Debit Card,45.0,1923.5,October,2024Q4
1389,2024-10-10 19:22:57.955911,North,Grocery,32.0,184.66,Unknown,45.0,5909.12,October,2024Q4
1390,2024-10-11 12:56:16.352705,South,Toys,26.0,497.76,Online,45.0,12941.76,October,2024Q4
1391,2024-10-12 06:29:34.749498,Unknown,Electronics,30.0,225.94,Credit Card,34.0,6778.2,October,2024Q4
1392,2024-10-13 00:02:53.146292,East,Toys,39.0,170.12,Debit Card,94.375,6634.68,October,2024Q4
1393,2024-10-13 17:36:11.543086,South,Electronics,31.0,292.34,Cash,53.0,9062.54,October,2024Q4
1394,2024-10-14 11:09:29.939879,North,Clothing,18.0,48.94,Unknown,36.0,880.92,October,2024Q4
1395,2024-10-15 04:42:48.336673,South,Furniture,36.0,481.02,Cash,44.0,17316.72,October,2024Q4
1396,2024-10-15 22:16:06.733466,Unknown,Electronics,2.0,319.31,Credit Card,51.0,638.62,October,2024Q4
1397,2024-10-16 15:49:25.130260,South,Toys,14.0,378.64,Debit Card,28.0,5300.96,October,2024Q4
1398,2024-10-17 09:22:43.527054,East,Clothing,13.0,89.39,Cash,62.0,1162.07,October,2024Q4
1399,2024-10-18 02:56:01.923847,North,Electronics,29.0,207.69,Unknown,64.0,6023.01,October,2024Q4
1400,2024-10-18 20:29:20.320641,North,Grocery,12.0,214.23,Unknown,29.0,2570.76,October,2024Q4
1401,2024-10-19 14:02:38.717434,North,Furniture,39.0,411.79,Debit Card,38.0,16059.81,October,2024Q4
1402,2024-10-20 07:35:57.114228,Unknown,Electronics,26.0,5.61,Credit Card,28.0,145.86,October,2024Q4
1403,2024-10-21 01:09:15.511022,East,Clothing,32.0,153.92,Debit Card,56.0,4925.44,October,2024Q4
1404,2024-10-21 18:42:33.907815,South,Grocery,13.0,263.135,Credit Card,45.0,3420.76,October,2024Q4
1405,2024-10-22 12:15:52.304609,South,Clothing,46.0,240.07,Credit Card,45.0,11043.22,October,2024Q4
1406,2024-10-23 05:49:10.701402,South,Clothing,27.0,194.35,Online,34.0,5247.45,October,2024Q4
1407,2024-10-23 23:22:29.098196,South,Grocery,49.0,64.32,Credit Card,-2.625,3151.68,October,2024Q4
1408,2024-10-24 16:55:47.494989,North,Clothing,41.0,487.21,Cash,58.0,19975.61,October,2024Q4
1409,2024-10-25 10:29:05.891783,Unknown,Grocery,17.0,263.135,Unknown,63.0,4473.3,October,2024Q4
1410,2024-10-26 04:02:24.288577,North,Electronics,40.0,369.9,Cash,29.0,14796.0,October,2024Q4
1411,2024-10-26 21:35:42.685370,South,Grocery,26.0,385.46,Credit Card,23.0,10021.96,October,2024Q4
1412,2024-10-27 15:09:01.082164,Unknown,Grocery,34.0,125.61,Online,34.0,4270.74,October,2024Q4
1413,2024-10-28 08:42:19.478957,Unknown,Furniture,70.0,337.42,Credit Card,68.0,23619.4,October,2024Q4
1414,2024-10-29 02:15:37.875751,West,Grocery,45.0,263.135,Debit Card,36.0,11841.08,October,2024Q4
1415,2024-10-29 19:48:56.272545,West,Grocery,35.0,132.24,Unknown,43.0,4628.4,October,2024Q4
1416,2024-10-30 13:22:14.669338,East,Electronics,48.0,395.01,Online,65.0,18960.48,October,2024Q4
1417,2024-10-31 06:55:33.066132,South,Furniture,6.0,433.02,Debit Card,61.0,2598.12,October,2024Q4
1418,2024-11-01 00:28:51.462925,South,Toys,19.0,306.2,Cash,61.0,5817.8,November,2024Q4
1419,2024-11-01 18:02:09.859719,West,Electronics,30.0,255.89,Credit Card,69.0,7676.7,November,2024Q4
1420,2024-11-02 11:35:28.256513,North,Electronics,7.0,83.86,Online,49.0,587.02,November,2024Q4
1421,2024-11-03 05:08:46.653306,North,Toys,10.0,36.24,Online,23.0,362.4,November,2024Q4
1422,2024-11-03 22:42:05.050100,North,Grocery,41.0,63.24,Cash,53.0,2592.84,November,2024Q4
1423,2024-11-04 16:15:23.446893,North,Clothing,32.0,117.54,Credit Card,55.0,3761.28,November,2024Q4
1424,2024-11-05 09:48:41.843687,East,Furniture,34.0,174.13,Credit Card,28.0,5920.42,November,2024Q4
1425,2024-11-06 03:22:00.240480,North,Clothing,28.0,193.55,Credit Card,50.0,5419.4,November,2024Q4
1426,2024-11-06 20:55:18.637274,East,Toys,15.0,176.43,Debit Card,41.0,2646.45,November,2024Q4
1427,2024-11-07 14:28:37.034068,East,Electronics,30.0,123.33,Cash,40.0,3699.9,November,2024Q4
1428,2024-11-08 08:01:55.430861,South,Electronics,26.0,263.135,Online,32.0,6841.51,November,2024Q4
1429,2024-11-09 01:35:13.827655,South,Furniture,29.0,413.52,Debit Card,44.0,11992.08,November,2024Q4
1430,2024-11-09 19:08:32.224448,North,Electronics,22.0,143.45,Credit Card,45.0,3155.9,November,2024Q4
1431,2024-11-10 12:41:50.621242,North,Electronics,4.0,471.48,Debit Card,68.0,1885.92,November,2024Q4
1432,2024-11-11 06:15:09.018036,North,Furniture,20.0,437.3,Cash,67.0,8746.0,November,2024Q4
1433,2024-11-11 23:48:27.414829,West,Furniture,32.0,85.07,Debit Card,34.0,2722.24,November,2024Q4
1434,2024-11-12 17:21:45.811623,North,Toys,36.0,394.21,Debit Card,68.0,14191.56,November,2024Q4
1435,2024-11-13 10:55:04.208416,North,Electronics,4.0,289.42,Online,31.0,1157.68,November,2024Q4
1436,2024-11-14 04:28:22.605210,North,Electronics,27.0,263.135,Online,44.0,7104.64,November,2024Q4
1437,2024-11-14 22:01:41.002004,North,Toys,17.0,198.57,Credit Card,35.0,3375.69,November,2024Q4
1438,2024-11-15 15:34:59.398797,South,Grocery,12.0,253.07,Credit Card,45.0,3036.84,November,2024Q4
1439,2024-11-16 09:08:17.795591,North,Grocery,22.0,263.135,Debit Card,68.0,5788.97,November,2024Q4
1440,2024-11-17 02:41:36.192384,North,Grocery,26.0,272.17,Credit Card,64.0,7076.42,November,2024Q4
1441,2024-11-17 20:14:54.589178,North,Toys,10.0,315.84,Cash,64.0,3158.4,November,2024Q4
1442,2024-11-18 13:48:12.985971,Unknown,Electronics,1.0,338.78,Credit Card,21.0,338.78,November,2024Q4
1443,2024-11-19 07:21:31.382765,South,Toys,22.0,268.58,Debit Card,24.0,5908.76,November,2024Q4
1444,2024-11-20 00:54:49.779559,South,Toys,26.0,362.1,Credit Card,45.0,9414.6,November,2024Q4
1445,2024-11-20 18:28:08.176352,South,Grocery,18.0,74.93,Debit Card,45.0,1348.74,November,2024Q4
1446,2024-11-21 12:01:26.573146,Unknown,Clothing,14.0,109.93,Unknown,65.0,1539.02,November,2024Q4
1447,2024-11-22 05:34:44.969939,Unknown,Electronics,47.0,410.27,Credit Card,26.0,19282.69,November,2024Q4
1448,2024-11-22 23:08:03.366733,North,Grocery,29.0,164.65,Credit Card,25.0,4774.85,November,2024Q4
1449,2024-11-23 16:41:21.763527,South,Clothing,12.0,16.33,Cash,69.0,195.96,November,2024Q4
1450,2024-11-24 10:14:40.160320,North,Clothing,36.0,81.13,Online,62.0,2920.68,November,2024Q4
1451,2024-11-25 03:47:58.557114,North,Furniture,35.0,115.69,Credit Card,34.0,4049.15,November,2024Q4
1452,2024-11-25 21:21:16.953907,West,Electronics,12.0,478.87,Cash,34.0,5746.44,November,2024Q4
1453,2024-11-26 14:54:35.350701,East,Clothing,7.0,288.66,Credit Card,45.0,2020.62,November,2024Q4
1454,2024-11-27 08:27:53.747494,Unknown,Grocery,29.0,466.7,Debit Card,50.0,13534.3,November,2024Q4
1455,2024-11-28 02:01:12.144288,North,Furniture,11.0,289.71,Cash,49.0,3186.81,November,2024Q4
1456,2024-11-28 19:34:30.541082,East,Electronics,33.0,242.28,Debit Card,25.0,7995.24,November,2024Q4
1457,2024-11-29 13:07:48.937875,North,Toys,6.0,160.3,Online,36.0,961.8,November,2024Q4
1458,2024-11-30 06:41:07.334669,East,Grocery,70.0,305.15,Credit Card,55.0,21360.5,November,2024Q4
1459,2024-12-01 00:14:25.731462,North,Clothing,15.0,73.9,Online,20.0,1108.5,December,2024Q4
1460,2024-12-01 17:47:44.128256,North,Clothing,32.0,449.64,Credit Card,22.0,14388.48,December,2024Q4
1461,2024-12-02 11:21:02.525050,North,Grocery,11.0,263.135,Online,30.0,2894.48,December,2024Q4
1462,2024-12-03 04:54:20.921843,West,Clothing,23.0,162.18,Debit Card,64.0,3730.14,December,2024Q4
1463,2024-12-03 22:27:39.318637,North,Furniture,26.0,476.63,Online,94.375,12392.38,December,2024Q4
1464,2024-12-04 16:00:57.715430,West,Electronics,34.0,413.47,Credit Card,48.0,14057.98,December,2024Q4
1465,2024-12-05 09:34:16.112224,Unknown,Furniture,46.0,334.82,Credit Card,33.0,15401.72,December,2024Q4
1466,2024-12-06 03:07:34.509018,South,Clothing,34.0,65.27,Cash,67.0,2219.18,December,2024Q4
1467,2024-12-06 20:40:52.905811,South,Toys,29.0,241.73,Cash,49.0,7010.17,December,2024Q4
1468,2024-12-07 14:14:11.302605,South,Electronics,4.0,255.52,Credit Card,39.0,1022.08,December,2024Q4
1469,2024-12-08 07:47:29.699398,South,Electronics,17.0,120.11,Cash,46.0,2041.87,December,2024Q4
1470,2024-12-09 01:20:48.096192,Unknown,Grocery,35.0,44.58,Credit Card,39.0,1560.3,December,2024Q4
1471,2024-12-09 18:54:06.492985,North,Grocery,13.0,389.48,Cash,60.0,5063.24,December,2024Q4
1472,2024-12-10 12:27:24.889779,Unknown,Toys,41.0,65.41,Online,20.0,2681.81,December,2024Q4
1473,2024-12-11 06:00:43.286573,North,Electronics,39.0,299.17,Cash,27.0,11667.63,December,2024Q4
1474,2024-12-11 23:34:01.683366,South,Toys,15.0,468.54,Credit Card,45.0,7028.1,December,2024Q4
1475,2024-12-12 17:07:20.080160,East,Grocery,29.0,438.67,Cash,38.0,12721.43,December,2024Q4
1476,2024-12-13 10:40:38.476953,Unknown,Grocery,29.0,142.49,Credit Card,33.0,4132.21,December,2024Q4
1477,2024-12-14 04:13:56.873747,North,Electronics,11.0,426.47,Unknown,29.0,4691.17,December,2024Q4
1478,2024-12-14 21:47:15.270541,West,Furniture,32.0,5.16,Credit Card,19.0,165.12,December,2024Q4
1479,2024-12-15 15:20:33.667334,Unknown,Clothing,2.0,13.76,Debit Card,58.0,27.52,December,2024Q4
1480,2024-12-16 08:53:52.064128,East,Grocery,47.0,303.26,Unknown,41.0,14253.22,December,2024Q4
1481,2024-12-17 02:27:10.460921,West,Grocery,70.0,185.58,Online,52.0,12990.6,December,2024Q4
1482,2024-12-17 20:00:28.857715,West,Furniture,20.0,196.3,Debit Card,47.0,3926.0,December,2024Q4
1483,2024-12-18 13:33:47.254509,East,Furniture,22.0,284.4,Online,47.0,6256.8,December,2024Q4
1484,2024-12-19 07:07:05.651302,West,Toys,11.0,99.93,Unknown,64.0,1099.23,December,2024Q4
1485,2024-12-20 00:40:24.048096,West,Toys,27.0,109.82,Debit Card,52.0,2965.14,December,2024Q4
1486,2024-12-20 18:13:42.444889,Unknown,Clothing,3.0,244.88,Debit Card,36.0,734.64,December,2024Q4
1487,2024-12-21 11:47:00.841683,North,Clothing,17.0,378.36,Debit Card,67.0,6432.12,December,2024Q4
1488,2024-12-22 05:20:19.238476,South,Electronics,44.0,311.65,Cash,25.0,13712.6,December,2024Q4
1489,2024-12-22 22:53:37.635270,Unknown,Toys,26.0,152.19,Debit Card,43.0,3956.94,December,2024Q4
1490,2024-12-23 16:26:56.032064,South,Grocery,26.0,218.02,Cash,66.0,5668.52,December,2024Q4
1491,2024-12-24 10:00:14.428857,East,Toys,21.0,89.48,Credit Card,57.0,1879.08,December,2024Q4
1492,2024-12-25 03:33:32.825651,West,Grocery,47.0,41.94,Credit Card,24.0,1971.18,December,2024Q4
1493,2024-12-25 21:06:51.222444,South,Furniture,16.0,392.43,Credit Card,47.0,6278.88,December,2024Q4
1494,2024-12-26 14:40:09.619238,North,Toys,37.0,136.37,Credit Card,24.0,5045.69,December,2024Q4
1495,2024-12-27 08:13:28.016032,East,Furniture,20.0,92.99,Credit Card,20.0,1859.8,December,2024Q4
1496,2024-12-28 01:46:46.412825,South,Clothing,6.0,347.35,Debit Card,18.0,2084.1,December,2024Q4
1497,2024-12-28 19:20:04.809619,West,Clothing,19.0,310.94,Credit Card,53.0,5907.86,December,2024Q4
1498,2024-12-29 12:53:23.206412,North,Electronics,5.0,318.43,Online,42.0,1592.15,December,2024Q4
1499,2024-12-30 06:26:41.603206,Unknown,Toys,3.0,118.3,Credit Card,54.0,354.9,December,2024Q4
1500,2024-12-31 00:00:00.000000,Unknown,Furniture,1.0,120.16,Credit Card,18.0,120.16,December,2024Q4
