CustomerID,Age,Tenure_Months,MonthlyCharges,Contract,InternetService,TechSupport,PaymentMethod,NumSupportCalls,Churn
CUST1000,52.0,52,105.57,Month-to-Month,Fiber Optic,No,Mailed Check,3,1
CUST1001,43.0,15,103.02,Two Year,Fiber Optic,No,Electronic Check,1,1
CUST1002,74.0,61,59.72,Month-to-Month,Fiber Optic,No,Electronic Check,1,0
CUST1003,56.0,21,71.375,One Year,DSL,No,Credit Card,1,0
CUST1004,66.0,24,40.5,One Year,No,No,Bank Transfer,3,1
CUST1005,68.0,3,49.31,One Year,Fiber Optic,Yes,Electronic Check,3,0
CUST1006,35.0,22,109.63,Month-to-Month,DSL,No,Mailed Check,2,1
CUST1007,50.0,53,21.3,Month-to-Month,Fiber Optic,No,Electronic Check,1,0
CUST1008,42.0,2,28.55,One Year,DSL,No,Electronic Check,0,0
CUST1009,73.0,30,40.79,One Year,DSL,No,Credit Card,1,0
CUST1010,48.0,38,22.65,Month-to-Month,Fiber Optic,Yes,Credit Card,1,0
CUST1011,54.0,2,38.14,One Year,DSL,No,Mailed Check,1,0
CUST1012,19.0,64,78.3,Month-to-Month,Fiber Optic,Yes,Credit Card,2,1
CUST1013,50.0,60,62.14,One Year,Fiber Optic,No,Electronic Check,3,0
CUST1014,56.0,21,109.27,Month-to-Month,DSL,No,Electronic Check,3,1
CUST1015,60.0,33,101.74,Two Year,No,No,Credit Card,1,1
CUST1016,60.0,58,54.18,Month-to-Month,DSL,Yes,Electronic Check,2,0
CUST1017,49.0,22,45.94,Month-to-Month,DSL,No,Electronic Check,1,1
CUST1018,35.0,49,57.97,Month-to-Month,DSL,Yes,Mailed Check,2,0
CUST1019,34.0,59,79.03,Month-to-Month,DSL,Yes,Credit Card,0,0
CUST1020,51.0,42,46.81,Two Year,DSL,Yes,Electronic Check,1,0
CUST1021,56.0,60,82.41,Two Year,Fiber Optic,Yes,Credit Card,0,0
CUST1022,46.0,15,60.94,Month-to-Month,No,No,Mailed Check,1,1
CUST1023,59.0,62,75.2,Month-to-Month,DSL,No,Credit Card,1,1
CUST1024,71.0,62,71.375,One Year,Fiber Optic,Yes,Electronic Check,1,0
CUST1025,70.0,47,49.45,Two Year,Fiber Optic,No,Credit Card,0,1
CUST1026,52.0,62,114.85,One Year,No,Yes,Electronic Check,2,0
CUST1027,47.0,51,96.36,Month-to-Month,Fiber Optic,No,Electronic Check,1,1
CUST1028,29.0,55,34.01,Month-to-Month,DSL,No,Electronic Check,3,0
CUST1029,52.0,64,106.85,One Year,DSL,No,Mailed Check,0,0
CUST1030,28.0,3,68.74,Month-to-Month,Fiber Optic,No,Credit Card,1,1
CUST1031,61.0,51,109.46,One Year,No,No,Mailed Check,4,0
CUST1032,74.0,7,99.99,Month-to-Month,DSL,Yes,Credit Card,1,1
CUST1033,21.0,21,62.52,One Year,Fiber Optic,No,Mailed Check,0,0
CUST1034,42.0,39,22.25,Month-to-Month,No,Yes,Bank Transfer,1,0
CUST1035,65.0,18,46.87,One Year,No,No,Electronic Check,1,1
CUST1036,49.0,4,74.16,Month-to-Month,No,No,Electronic Check,2,1
CUST1037,37.0,60,83.35,One Year,Fiber Optic,No,Mailed Check,2,0
CUST1038,67.0,14,45.79,Month-to-Month,Fiber Optic,Yes,Bank Transfer,3,1
CUST1039,48.0,9,33.94,One Year,Fiber Optic,No,Electronic Check,3,0
CUST1040,21.0,53,103.49,One Year,Fiber Optic,No,Credit Card,2,0
CUST1041,71.0,2,118.44,One Year,DSL,No,Mailed Check,1,0
CUST1042,55.0,60,72.57,One Year,Fiber Optic,Yes,Electronic Check,3,1
CUST1043,70.0,71,37.17,One Year,Fiber Optic,Yes,Electronic Check,1,0
CUST1044,64.0,44,47.23,Two Year,DSL,No,Mailed Check,1,0
CUST1045,18.0,8,21.84,Month-to-Month,Fiber Optic,No,Mailed Check,1,1
CUST1046,20.0,47,111.43,Two Year,Fiber Optic,Yes,Credit Card,1,1
CUST1047,54.0,35,31.78,Month-to-Month,No,Yes,Credit Card,1,1
CUST1048,39.0,36,77.65,Month-to-Month,DSL,No,Electronic Check,0,1
CUST1049,34.0,50,47.41,Month-to-Month,DSL,No,Electronic Check,3,0
CUST1050,31.0,4,75.42,Month-to-Month,Fiber Optic,No,Mailed Check,3,1
CUST1051,58.0,2,85.14,One Year,DSL,Yes,Electronic Check,3,0
CUST1052,52.0,6,102.97,One Year,Fiber Optic,Yes,Electronic Check,2,0
CUST1053,30.0,54,40.64,One Year,Fiber Optic,Yes,Mailed Check,1,0
CUST1054,52.0,4,21.1,Month-to-Month,DSL,Yes,Electronic Check,1,1
CUST1055,60.0,54,33.69,Month-to-Month,Fiber Optic,No,Electronic Check,1,0
CUST1056,19.0,63,110.0,Month-to-Month,Fiber Optic,No,Bank Transfer,2,1
CUST1057,46.0,18,107.39,Month-to-Month,Fiber Optic,Yes,Credit Card,0,1
CUST1058,64.0,44,79.74,Month-to-Month,No,Yes,Mailed Check,0,0
CUST1059,30.0,34,80.05,Month-to-Month,No,Yes,Bank Transfer,2,1
CUST1060,68.0,62,86.5,Month-to-Month,Fiber Optic,No,Credit Card,0,1
CUST1061,71.0,14,37.54,One Year,Fiber Optic,No,Credit Card,4,0
CUST1062,33.0,48,111.44,One Year,Fiber Optic,Yes,Credit Card,0,0
CUST1063,35.0,15,61.88,Two Year,No,No,Bank Transfer,0,0
CUST1064,24.0,62,58.31,Two Year,Fiber Optic,No,Bank Transfer,1,0
CUST1065,62.0,40,71.89,One Year,Fiber Optic,No,Credit Card,1,0
CUST1066,53.0,53,24.7,Month-to-Month,No,No,Electronic Check,4,1
CUST1067,58.0,24,36.63,One Year,DSL,Yes,Electronic Check,1,0
CUST1068,47.0,26,93.8,One Year,No,Yes,Bank Transfer,1,0
CUST1069,59.0,60,28.28,Month-to-Month,DSL,No,Bank Transfer,2,0
CUST1070,58.0,41,80.32,Month-to-Month,DSL,Yes,Bank Transfer,1,1
CUST1071,24.0,29,44.53,Two Year,DSL,Yes,Credit Card,5,0
CUST1072,32.0,15,58.93,Month-to-Month,No,No,Electronic Check,3,1
CUST1073,57.0,45,48.87,One Year,No,Yes,Bank Transfer,4,0
CUST1074,36.0,65,55.57,One Year,Fiber Optic,No,Bank Transfer,2,1
CUST1075,60.0,71,91.9,Month-to-Month,Fiber Optic,Yes,Mailed Check,1,0
CUST1076,54.0,9,49.71,Month-to-Month,Fiber Optic,Yes,Credit Card,1,0
CUST1077,19.0,1,76.64,Month-to-Month,No,No,Mailed Check,2,1
CUST1078,59.0,8,67.61,Month-to-Month,Fiber Optic,Yes,Electronic Check,1,1
CUST1079,65.0,63,86.37,Month-to-Month,Fiber Optic,No,Mailed Check,2,1
CUST1080,72.0,11,113.68,Two Year,DSL,No,Mailed Check,2,0
CUST1081,30.0,8,93.26,Month-to-Month,Fiber Optic,Yes,Mailed Check,1,1
CUST1082,57.0,35,41.49,Month-to-Month,Fiber Optic,No,Credit Card,1,0
CUST1083,58.0,35,23.12,Month-to-Month,Fiber Optic,Yes,Electronic Check,1,0
CUST1084,60.0,33,71.375,Two Year,DSL,No,Mailed Check,3,0
CUST1085,60.0,5,79.51,Month-to-Month,No,Yes,Credit Card,1,1
CUST1086,72.0,41,25.14,Month-to-Month,DSL,No,Electronic Check,2,0
CUST1087,48.0,28,69.64,Two Year,Fiber Optic,Yes,Bank Transfer,3,0
CUST1088,33.0,7,71.375,Two Year,No,No,Mailed Check,1,0
CUST1089,59.0,12,53.42,Month-to-Month,Fiber Optic,No,Electronic Check,0,1
CUST1090,73.0,34,97.09,Two Year,DSL,No,Mailed Check,3,0
CUST1091,61.0,33,30.66,Month-to-Month,Fiber Optic,Yes,Bank Transfer,2,0
CUST1092,74.0,48,27.51,Month-to-Month,No,Yes,Electronic Check,1,0
CUST1093,23.0,23,92.82,Month-to-Month,Fiber Optic,No,Credit Card,2,1
CUST1094,45.0,62,69.55,Month-to-Month,No,No,Electronic Check,0,0
CUST1095,49.0,37,88.84,One Year,DSL,Yes,Credit Card,0,0
CUST1096,61.0,44,63.48,Month-to-Month,Fiber Optic,No,Electronic Check,0,0
CUST1097,27.0,35,44.64,Month-to-Month,Fiber Optic,Yes,Credit Card,2,1
CUST1098,67.0,65,71.375,One Year,No,No,Bank Transfer,0,0
CUST1099,35.0,47,99.94,One Year,DSL,Yes,Bank Transfer,2,1
CUST1100,21.0,3,89.47,Month-to-Month,No,Yes,Bank Transfer,1,1
CUST1101,26.0,1,47.21,One Year,Fiber Optic,No,Electronic Check,1,1
CUST1102,24.0,5,79.02,Month-to-Month,Fiber Optic,Yes,Bank Transfer,3,1
CUST1103,67.0,14,56.1,One Year,DSL,No,Mailed Check,1,1
CUST1104,25.0,27,29.16,One Year,No,No,Bank Transfer,1,0
CUST1105,60.0,9,111.73,Two Year,DSL,Yes,Credit Card,0,1
CUST1106,24.0,15,33.68,Month-to-Month,DSL,Yes,Credit Card,4,1
CUST1107,58.0,42,115.02,Month-to-Month,DSL,No,Credit Card,0,0
CUST1108,57.0,51,64.6,Month-to-Month,No,Yes,Electronic Check,4,0
CUST1109,20.0,63,38.51,Month-to-Month,Fiber Optic,No,Mailed Check,1,0
CUST1110,34.0,52,74.19,Month-to-Month,Fiber Optic,No,Bank Transfer,2,1
CUST1111,19.0,4,107.29,Two Year,DSL,No,Mailed Check,1,1
CUST1112,32.0,23,93.22,Month-to-Month,Fiber Optic,Yes,Mailed Check,1,1
CUST1113,63.0,15,100.66,Month-to-Month,Fiber Optic,Yes,Credit Card,1,1
CUST1114,46.0,43,85.88,One Year,No,Yes,Credit Card,1,0
CUST1115,67.0,29,89.23,Month-to-Month,No,Yes,Credit Card,1,0
CUST1116,65.0,36,104.92,One Year,DSL,No,Electronic Check,1,0
CUST1117,69.0,13,44.97,Month-to-Month,Fiber Optic,No,Mailed Check,0,1
CUST1118,39.0,32,68.94,Month-to-Month,DSL,No,Mailed Check,3,0
CUST1119,21.0,71,42.12,Month-to-Month,Fiber Optic,Yes,Electronic Check,1,0
CUST1120,74.0,59,71.375,Month-to-Month,DSL,Yes,Electronic Check,0,1
CUST1121,69.0,28,114.41,Two Year,DSL,No,Electronic Check,3,1
CUST1122,23.0,66,71.375,Month-to-Month,Fiber Optic,Yes,Mailed Check,1,1
CUST1123,55.0,42,90.56,Month-to-Month,Fiber Optic,No,Mailed Check,2,1
CUST1124,43.0,45,112.52,Month-to-Month,DSL,Yes,Credit Card,1,0
CUST1125,28.0,62,38.06,Month-to-Month,Fiber Optic,No,Credit Card,2,0
CUST1126,43.0,57,76.79,Two Year,Fiber Optic,No,Mailed Check,1,0
CUST1127,34.0,6,111.55,Month-to-Month,DSL,Yes,Credit Card,2,1
CUST1128,41.0,28,23.39,One Year,Fiber Optic,Yes,Electronic Check,4,0
CUST1129,45.0,28,89.74,Two Year,DSL,No,Bank Transfer,0,0
CUST1130,52.0,44,49.73,One Year,Fiber Optic,Yes,Credit Card,1,1
CUST1131,48.0,30,112.44,Two Year,Fiber Optic,No,Mailed Check,0,0
CUST1132,30.0,62,117.11,Month-to-Month,DSL,No,Credit Card,0,0
CUST1133,71.0,62,114.43,Month-to-Month,DSL,No,Credit Card,2,1
CUST1134,52.0,1,67.42,Month-to-Month,Fiber Optic,No,Credit Card,0,1
CUST1135,33.0,27,106.2,One Year,No,Yes,Bank Transfer,1,0
CUST1136,32.0,62,104.45,Two Year,Fiber Optic,Yes,Electronic Check,0,0
CUST1137,60.0,3,51.91,Month-to-Month,Fiber Optic,No,Mailed Check,0,1
CUST1138,35.0,70,102.89,One Year,Fiber Optic,No,Bank Transfer,3,0
CUST1139,64.0,27,23.7,Month-to-Month,DSL,No,Mailed Check,3,0
CUST1140,54.0,9,79.63,One Year,Fiber Optic,Yes,Mailed Check,1,1
CUST1141,65.0,62,43.0,Month-to-Month,Fiber Optic,Yes,Mailed Check,3,1
CUST1142,65.0,37,32.06,Two Year,DSL,No,Bank Transfer,1,0
CUST1143,46.0,51,27.7,One Year,DSL,Yes,Electronic Check,5,0
CUST1144,46.0,44,89.63,Month-to-Month,DSL,No,Mailed Check,1,1
CUST1145,44.0,24,53.99,Month-to-Month,Fiber Optic,No,Electronic Check,3,1
CUST1146,72.0,59,92.48,Month-to-Month,No,No,Electronic Check,1,0
CUST1147,52.0,32,26.54,Month-to-Month,DSL,No,Credit Card,2,1
CUST1148,69.0,52,51.53,Month-to-Month,Fiber Optic,No,Bank Transfer,1,1
CUST1149,62.0,62,73.95,Two Year,DSL,No,Bank Transfer,2,1
CUST1150,71.0,58,99.07,One Year,No,Yes,Credit Card,0,0
CUST1151,52.0,52,51.88,Month-to-Month,DSL,No,Credit Card,2,0
CUST1152,45.0,12,82.59,Month-to-Month,Fiber Optic,No,Electronic Check,1,0
CUST1153,56.0,39,108.6,Two Year,Fiber Optic,No,Mailed Check,1,0
CUST1154,55.0,2,81.59,One Year,Fiber Optic,No,Bank Transfer,2,1
CUST1155,26.0,3,71.375,Month-to-Month,Fiber Optic,Yes,Mailed Check,1,0
CUST1156,29.0,56,22.44,One Year,DSL,No,Mailed Check,2,0
CUST1157,32.0,59,107.01,Month-to-Month,Fiber Optic,No,Credit Card,0,0
CUST1158,38.0,2,22.13,Month-to-Month,DSL,Yes,Mailed Check,0,1
CUST1159,69.0,2,107.47,Month-to-Month,DSL,No,Electronic Check,2,1
CUST1160,52.0,54,71.375,Month-to-Month,Fiber Optic,No,Credit Card,1,0
CUST1161,59.0,1,113.91,Month-to-Month,DSL,No,Mailed Check,1,0
CUST1162,50.0,19,99.88,Two Year,DSL,No,Credit Card,4,1
CUST1163,68.0,2,119.79,Two Year,Fiber Optic,No,Electronic Check,2,1
CUST1164,36.0,53,55.07,One Year,No,Yes,Electronic Check,1,0
CUST1165,72.0,44,96.72,Month-to-Month,Fiber Optic,No,Mailed Check,1,1
CUST1166,40.0,32,60.19,Month-to-Month,DSL,Yes,Credit Card,1,1
CUST1167,30.0,70,67.99,One Year,DSL,No,Mailed Check,2,0
CUST1168,61.0,32,82.75,Month-to-Month,No,No,Mailed Check,1,1
CUST1169,18.0,68,107.37,Month-to-Month,DSL,Yes,Credit Card,3,1
CUST1170,68.0,55,118.41,Month-to-Month,DSL,Yes,Mailed Check,0,0
CUST1171,46.0,56,96.83,Two Year,Fiber Optic,No,Electronic Check,0,0
CUST1172,41.0,17,61.78,Month-to-Month,Fiber Optic,Yes,Credit Card,4,1
CUST1173,33.0,38,62.14,Month-to-Month,Fiber Optic,No,Credit Card,2,1
CUST1174,42.0,24,93.76,One Year,DSL,Yes,Credit Card,2,0
CUST1175,72.0,69,43.88,Month-to-Month,DSL,Yes,Credit Card,1,0
CUST1176,40.0,70,31.05,Month-to-Month,No,No,Mailed Check,3,0
CUST1177,45.0,11,55.46,Month-to-Month,DSL,No,Mailed Check,3,1
CUST1178,64.0,16,48.72,Month-to-Month,Fiber Optic,No,Electronic Check,2,1
CUST1179,33.0,59,49.63,One Year,Fiber Optic,Yes,Bank Transfer,0,0
CUST1180,60.0,70,43.36,Month-to-Month,Fiber Optic,No,Bank Transfer,0,0
CUST1181,73.0,3,24.21,Month-to-Month,DSL,No,Electronic Check,0,1
CUST1182,55.0,20,21.79,Two Year,DSL,No,Bank Transfer,1,1
CUST1183,28.0,59,118.77,Two Year,Fiber Optic,No,Electronic Check,0,1
CUST1184,20.0,36,62.78,Two Year,No,No,Mailed Check,2,0
CUST1185,32.0,19,58.43,Month-to-Month,No,No,Credit Card,0,1
CUST1186,18.0,67,87.96,Month-to-Month,DSL,Yes,Credit Card,4,1
CUST1187,24.0,19,41.83,Two Year,DSL,No,Mailed Check,0,0
CUST1188,18.0,20,115.0,One Year,No,Yes,Credit Card,0,0
CUST1189,66.0,71,98.63,Month-to-Month,Fiber Optic,No,Credit Card,0,0
CUST1190,49.0,52,28.94,Month-to-Month,No,Yes,Bank Transfer,2,0
CUST1191,26.0,33,61.76,Month-to-Month,DSL,No,Mailed Check,0,1
CUST1192,46.0,40,107.91,Two Year,Fiber Optic,No,Bank Transfer,2,0
CUST1193,43.0,39,114.47,Month-to-Month,Fiber Optic,Yes,Bank Transfer,1,0
CUST1194,40.0,1,66.74,Month-to-Month,Fiber Optic,Yes,Credit Card,2,1
CUST1195,62.0,11,81.34,Month-to-Month,Fiber Optic,Yes,Credit Card,1,1
CUST1196,60.0,57,36.7,One Year,DSL,No,Mailed Check,2,0
CUST1197,46.0,50,119.12,Two Year,Fiber Optic,No,Credit Card,3,1
CUST1198,69.0,23,43.17,Month-to-Month,DSL,Yes,Credit Card,0,0
CUST1199,55.0,31,114.27,One Year,Fiber Optic,No,Mailed Check,3,1
CUST1200,50.0,42,84.96,Two Year,No,Yes,Credit Card,3,0
CUST1201,24.0,7,80.77,Month-to-Month,Fiber Optic,No,Bank Transfer,2,0
CUST1202,29.0,16,71.27,Month-to-Month,No,No,Mailed Check,1,0
CUST1203,48.0,60,43.07,Month-to-Month,DSL,Yes,Credit Card,1,0
CUST1204,49.0,2,37.65,One Year,Fiber Optic,No,Electronic Check,3,0
CUST1205,71.0,1,42.05,One Year,No,Yes,Mailed Check,2,1
CUST1206,37.0,48,38.64,One Year,DSL,Yes,Mailed Check,1,0
CUST1207,72.0,12,97.96,One Year,DSL,Yes,Electronic Check,2,0
CUST1208,68.0,69,55.01,Month-to-Month,Fiber Optic,Yes,Credit Card,0,0
CUST1209,34.0,37,25.78,Two Year,DSL,No,Credit Card,0,0
CUST1210,53.0,32,116.91,Month-to-Month,Fiber Optic,No,Mailed Check,3,1
CUST1211,20.0,9,108.38,Month-to-Month,No,No,Mailed Check,1,1
CUST1212,18.0,19,112.78,One Year,Fiber Optic,Yes,Credit Card,2,1
CUST1213,67.0,48,119.49,One Year,DSL,Yes,Credit Card,1,0
CUST1214,44.0,3,37.39,Month-to-Month,Fiber Optic,No,Bank Transfer,1,0
CUST1215,70.0,20,59.62,Two Year,Fiber Optic,No,Mailed Check,1,0
CUST1216,64.0,24,95.82,Two Year,DSL,Yes,Mailed Check,4,1
CUST1217,57.0,54,89.6,Month-to-Month,Fiber Optic,No,Electronic Check,0,0
CUST1218,50.0,33,35.39,Two Year,Fiber Optic,No,Bank Transfer,1,0
CUST1219,37.0,24,101.58,Month-to-Month,Fiber Optic,No,Credit Card,3,1
CUST1220,31.0,36,42.44,Month-to-Month,DSL,No,Bank Transfer,0,0
CUST1221,53.0,38,42.38,Month-to-Month,Fiber Optic,Yes,Credit Card,1,0
CUST1222,22.0,25,73.7,Two Year,DSL,Yes,Credit Card,1,0
CUST1223,40.0,18,79.29,One Year,DSL,No,Bank Transfer,0,1
CUST1224,62.0,66,78.01,Month-to-Month,No,Yes,Mailed Check,3,0
CUST1225,73.0,54,29.15,Month-to-Month,Fiber Optic,No,Credit Card,0,0
CUST1226,32.0,35,107.75,One Year,DSL,No,Bank Transfer,2,0
CUST1227,23.0,61,46.56,Month-to-Month,DSL,Yes,Electronic Check,0,0
CUST1228,50.0,41,32.95,Two Year,DSL,No,Bank Transfer,2,1
CUST1229,72.0,33,108.87,Two Year,DSL,Yes,Electronic Check,1,0
CUST1230,36.0,68,71.375,Month-to-Month,DSL,No,Credit Card,3,1
CUST1231,30.0,33,106.21,Two Year,DSL,No,Bank Transfer,3,0
CUST1232,46.0,14,71.375,Month-to-Month,Fiber Optic,No,Bank Transfer,2,1
CUST1233,23.0,21,85.52,Two Year,Fiber Optic,No,Electronic Check,3,0
CUST1234,32.0,48,75.09,One Year,Fiber Optic,No,Bank Transfer,2,0
CUST1235,46.0,20,28.7,One Year,Fiber Optic,No,Bank Transfer,1,1
CUST1236,41.0,8,60.85,Month-to-Month,DSL,No,Credit Card,0,0
CUST1237,40.0,7,57.27,Two Year,No,Yes,Bank Transfer,2,1
CUST1238,65.0,67,45.98,Month-to-Month,No,Yes,Mailed Check,0,0
CUST1239,27.0,17,92.34,Month-to-Month,No,Yes,Electronic Check,1,0
CUST1240,71.0,33,69.59,Month-to-Month,No,Yes,Bank Transfer,0,0
CUST1241,58.0,48,28.1,One Year,No,No,Electronic Check,0,0
CUST1242,58.0,59,42.02,Month-to-Month,Fiber Optic,No,Electronic Check,4,0
CUST1243,66.0,22,88.33,One Year,DSL,No,Electronic Check,2,1
CUST1244,34.0,30,27.61,Two Year,Fiber Optic,Yes,Bank Transfer,0,0
CUST1245,66.0,38,105.12,Month-to-Month,Fiber Optic,No,Bank Transfer,3,1
CUST1246,73.0,51,69.51,One Year,Fiber Optic,Yes,Electronic Check,0,0
CUST1247,61.0,54,68.06,Month-to-Month,Fiber Optic,No,Mailed Check,1,0
CUST1248,62.0,8,79.24,Two Year,DSL,No,Electronic Check,2,0
CUST1249,47.0,27,102.47,Two Year,Fiber Optic,Yes,Mailed Check,2,1
CUST1250,61.0,27,54.78,Month-to-Month,No,Yes,Electronic Check,1,0
CUST1251,63.0,21,87.8,One Year,Fiber Optic,Yes,Credit Card,4,1
CUST1252,27.0,30,76.57,Month-to-Month,Fiber Optic,No,Electronic Check,1,1
CUST1253,72.0,28,46.7,Month-to-Month,DSL,No,Electronic Check,2,0
CUST1254,36.0,64,107.86,Two Year,Fiber Optic,No,Bank Transfer,3,0
CUST1255,46.0,69,99.74,Month-to-Month,No,Yes,Mailed Check,0,0
CUST1256,19.0,61,71.375,Month-to-Month,Fiber Optic,No,Credit Card,2,0
CUST1257,53.0,48,105.06,Month-to-Month,Fiber Optic,No,Mailed Check,1,0
CUST1258,36.0,19,106.73,Two Year,Fiber Optic,No,Credit Card,1,1
CUST1259,24.0,4,90.84,Month-to-Month,Fiber Optic,Yes,Electronic Check,1,1
CUST1260,43.0,35,103.7,Month-to-Month,DSL,Yes,Bank Transfer,1,1
CUST1261,32.0,64,89.75,One Year,Fiber Optic,No,Bank Transfer,2,0
CUST1262,64.0,49,88.01,Two Year,Fiber Optic,Yes,Mailed Check,2,1
CUST1263,73.0,17,81.86,Month-to-Month,Fiber Optic,Yes,Bank Transfer,1,1
CUST1264,55.0,44,95.27,Month-to-Month,Fiber Optic,No,Mailed Check,2,0
CUST1265,20.0,30,35.86,Month-to-Month,No,No,Mailed Check,3,1
CUST1266,55.0,46,71.375,Month-to-Month,DSL,No,Credit Card,2,1
CUST1267,33.0,6,107.18,Month-to-Month,No,No,Mailed Check,2,1
CUST1268,19.0,37,22.92,One Year,DSL,No,Credit Card,3,1
CUST1269,48.0,24,102.58,One Year,Fiber Optic,No,Bank Transfer,1,1
CUST1270,45.0,46,32.89,One Year,DSL,Yes,Mailed Check,1,0
CUST1271,24.0,53,53.51,Month-to-Month,DSL,No,Mailed Check,2,0
CUST1272,47.0,60,94.35,Two Year,Fiber Optic,Yes,Electronic Check,0,0
CUST1273,60.0,63,36.08,Month-to-Month,DSL,No,Mailed Check,2,0
CUST1274,24.0,32,101.8,Two Year,Fiber Optic,Yes,Mailed Check,0,0
CUST1275,53.0,33,103.21,One Year,No,Yes,Electronic Check,1,0
CUST1276,46.0,67,70.75,Month-to-Month,DSL,No,Electronic Check,0,0
CUST1277,41.0,18,20.64,One Year,Fiber Optic,Yes,Bank Transfer,1,1
CUST1278,69.0,25,48.7,Month-to-Month,Fiber Optic,Yes,Mailed Check,1,0
CUST1279,56.0,54,81.69,One Year,Fiber Optic,Yes,Bank Transfer,2,0
CUST1280,21.0,58,118.12,Month-to-Month,DSL,No,Bank Transfer,1,0
CUST1281,46.0,67,83.18,Month-to-Month,DSL,No,Electronic Check,2,1
CUST1282,61.0,46,45.98,Two Year,DSL,No,Credit Card,1,0
CUST1283,22.0,24,83.4,Month-to-Month,DSL,No,Bank Transfer,2,0
CUST1284,72.0,32,74.0,Two Year,DSL,No,Credit Card,1,1
CUST1285,46.0,47,97.98,Month-to-Month,Fiber Optic,No,Mailed Check,1,0
CUST1286,47.0,23,30.7,One Year,No,No,Electronic Check,1,0
CUST1287,46.0,66,96.1,One Year,No,Yes,Mailed Check,2,0
CUST1288,43.0,27,74.13,Month-to-Month,Fiber Optic,Yes,Mailed Check,2,1
CUST1289,36.0,2,116.3,Month-to-Month,DSL,No,Electronic Check,0,1
CUST1290,43.0,17,54.19,Month-to-Month,DSL,No,Mailed Check,1,0
CUST1291,54.0,33,83.26,Month-to-Month,DSL,No,Electronic Check,0,0
CUST1292,44.0,9,113.2,Month-to-Month,DSL,Yes,Credit Card,4,1
CUST1293,47.0,43,30.25,One Year,Fiber Optic,Yes,Mailed Check,1,1
CUST1294,46.0,48,113.72,Two Year,Fiber Optic,No,Electronic Check,2,0
CUST1295,70.0,39,88.79,Two Year,Fiber Optic,Yes,Bank Transfer,1,1
CUST1296,47.0,42,26.78,One Year,Fiber Optic,No,Mailed Check,0,0
CUST1297,20.0,26,50.1,One Year,No,No,Credit Card,0,0
CUST1298,60.0,50,90.82,One Year,Fiber Optic,No,Electronic Check,4,0
CUST1299,24.0,25,26.74,Month-to-Month,DSL,No,Mailed Check,0,0
CUST1300,66.0,24,78.22,Two Year,No,No,Mailed Check,1,1
CUST1301,74.0,13,54.59,One Year,No,No,Mailed Check,2,1
CUST1302,26.0,60,82.09,One Year,DSL,No,Credit Card,0,0
CUST1303,70.0,7,24.57,Month-to-Month,Fiber Optic,No,Electronic Check,0,0
CUST1304,58.0,57,107.15,Month-to-Month,Fiber Optic,Yes,Bank Transfer,3,0
CUST1305,59.0,36,117.35,Month-to-Month,No,Yes,Bank Transfer,1,1
CUST1306,30.0,45,116.89,Two Year,No,Yes,Bank Transfer,0,0
CUST1307,32.0,20,94.97,Month-to-Month,DSL,No,Electronic Check,2,1
CUST1308,71.0,65,33.01,Month-to-Month,Fiber Optic,No,Bank Transfer,2,0
CUST1309,22.0,8,71.375,Two Year,Fiber Optic,No,Credit Card,3,1
CUST1310,46.0,16,22.46,Month-to-Month,Fiber Optic,Yes,Electronic Check,0,1
CUST1311,52.0,14,22.21,Month-to-Month,DSL,Yes,Mailed Check,0,1
CUST1312,44.0,15,52.36,Month-to-Month,No,No,Credit Card,0,1
CUST1313,44.0,66,68.86,One Year,Fiber Optic,Yes,Mailed Check,2,0
CUST1314,25.0,32,97.04,Two Year,No,No,Bank Transfer,1,0
CUST1315,49.0,63,88.33,Month-to-Month,No,No,Credit Card,1,0
CUST1316,37.0,51,64.59,Two Year,Fiber Optic,No,Electronic Check,1,0
CUST1317,27.0,25,47.36,Month-to-Month,Fiber Optic,Yes,Credit Card,1,0
CUST1318,30.0,58,119.71,Two Year,Fiber Optic,Yes,Mailed Check,1,1
CUST1319,46.0,63,62.62,One Year,DSL,Yes,Electronic Check,0,0
CUST1320,52.0,62,65.14,Two Year,Fiber Optic,No,Credit Card,0,0
CUST1321,71.0,22,36.36,Month-to-Month,DSL,No,Credit Card,1,0
CUST1322,25.0,58,99.48,Two Year,Fiber Optic,Yes,Credit Card,3,0
CUST1323,46.0,58,89.37,One Year,DSL,No,Credit Card,0,0
CUST1324,48.0,49,42.08,Month-to-Month,DSL,No,Electronic Check,0,1
CUST1325,58.0,52,28.24,Two Year,DSL,Yes,Mailed Check,1,0
CUST1326,47.0,42,88.05,Month-to-Month,DSL,No,Credit Card,0,1
CUST1327,39.0,70,85.45,Two Year,Fiber Optic,No,Electronic Check,0,0
CUST1328,38.0,15,47.33,Month-to-Month,Fiber Optic,Yes,Mailed Check,1,1
CUST1329,29.0,54,115.09,One Year,Fiber Optic,Yes,Credit Card,2,0
CUST1330,28.0,60,35.11,Month-to-Month,DSL,No,Mailed Check,0,0
CUST1331,19.0,8,63.23,Month-to-Month,DSL,No,Mailed Check,0,0
CUST1332,67.0,53,114.36,Month-to-Month,DSL,No,Electronic Check,5,0
CUST1333,58.0,60,61.97,Month-to-Month,DSL,No,Mailed Check,1,0
CUST1334,19.0,5,83.85,Month-to-Month,No,No,Electronic Check,0,1
CUST1335,51.0,68,59.76,Month-to-Month,DSL,Yes,Credit Card,0,1
CUST1336,20.0,6,47.42,One Year,Fiber Optic,No,Mailed Check,3,1
CUST1337,33.0,47,118.4,Month-to-Month,DSL,No,Mailed Check,0,1
CUST1338,68.0,55,60.93,Month-to-Month,DSL,Yes,Bank Transfer,2,0
CUST1339,46.0,40,109.41,One Year,Fiber Optic,No,Credit Card,1,0
CUST1340,40.0,52,43.0,Month-to-Month,Fiber Optic,No,Credit Card,1,1
CUST1341,74.0,16,41.31,Two Year,DSL,Yes,Bank Transfer,1,0
CUST1342,67.0,13,23.11,Two Year,DSL,No,Bank Transfer,2,1
CUST1343,37.0,30,85.17,One Year,Fiber Optic,Yes,Electronic Check,1,0
CUST1344,42.0,19,56.85,One Year,DSL,Yes,Electronic Check,0,0
CUST1345,47.0,17,106.44,Two Year,DSL,Yes,Mailed Check,2,1
CUST1346,35.0,63,67.32,Month-to-Month,No,No,Mailed Check,1,0
CUST1347,59.0,19,116.82,Month-to-Month,Fiber Optic,No,Mailed Check,1,1
CUST1348,28.0,58,38.55,Month-to-Month,Fiber Optic,Yes,Mailed Check,3,0
CUST1349,46.0,55,106.86,One Year,Fiber Optic,No,Electronic Check,2,0
CUST1350,34.0,62,97.66,Month-to-Month,Fiber Optic,Yes,Credit Card,2,0
CUST1351,43.0,23,97.09,One Year,Fiber Optic,No,Mailed Check,4,0
CUST1352,73.0,9,104.48,Two Year,Fiber Optic,No,Credit Card,3,1
CUST1353,74.0,12,96.1,Two Year,Fiber Optic,No,Mailed Check,0,0
CUST1354,40.0,1,82.62,Month-to-Month,DSL,No,Bank Transfer,2,1
CUST1355,73.0,58,33.12,Month-to-Month,Fiber Optic,Yes,Mailed Check,1,0
CUST1356,69.0,1,23.25,Two Year,Fiber Optic,Yes,Mailed Check,1,0
CUST1357,65.0,34,112.08,One Year,No,No,Mailed Check,1,0
CUST1358,37.0,48,81.67,Month-to-Month,Fiber Optic,No,Electronic Check,3,1
CUST1359,62.0,1,99.65,Month-to-Month,Fiber Optic,Yes,Bank Transfer,0,1
CUST1360,19.0,16,68.15,Two Year,DSL,Yes,Mailed Check,1,1
CUST1361,41.0,61,31.73,One Year,Fiber Optic,Yes,Mailed Check,4,0
CUST1362,48.0,64,32.52,Two Year,DSL,No,Credit Card,1,0
CUST1363,44.0,63,88.56,Two Year,DSL,Yes,Bank Transfer,2,1
CUST1364,46.0,69,63.03,One Year,DSL,No,Mailed Check,2,0
CUST1365,74.0,22,40.05,Month-to-Month,Fiber Optic,No,Credit Card,1,0
CUST1366,31.0,67,69.16,Month-to-Month,DSL,No,Credit Card,1,1
CUST1367,21.0,26,26.42,Month-to-Month,Fiber Optic,Yes,Electronic Check,4,1
CUST1368,66.0,16,78.2,Month-to-Month,No,No,Credit Card,2,1
CUST1369,30.0,51,46.9,One Year,DSL,Yes,Mailed Check,2,0
CUST1370,53.0,57,99.76,One Year,Fiber Optic,No,Electronic Check,2,0
CUST1371,52.0,29,51.04,Two Year,Fiber Optic,No,Electronic Check,3,0
CUST1372,61.0,69,65.52,Month-to-Month,DSL,Yes,Mailed Check,2,0
CUST1373,71.0,47,21.16,One Year,Fiber Optic,No,Bank Transfer,1,0
CUST1374,72.0,62,27.24,One Year,DSL,No,Credit Card,2,0
CUST1375,25.0,69,59.25,One Year,Fiber Optic,No,Electronic Check,1,0
CUST1376,19.0,16,67.99,One Year,Fiber Optic,Yes,Bank Transfer,2,0
CUST1377,23.0,48,80.0,Month-to-Month,Fiber Optic,No,Mailed Check,2,0
CUST1378,48.0,39,49.17,Month-to-Month,Fiber Optic,No,Credit Card,2,1
CUST1379,71.0,33,89.5,Month-to-Month,DSL,No,Credit Card,2,1
CUST1380,27.0,23,106.01,Month-to-Month,DSL,No,Electronic Check,2,1
CUST1381,61.0,10,97.99,Month-to-Month,Fiber Optic,Yes,Credit Card,1,1
CUST1382,38.0,69,23.96,One Year,Fiber Optic,No,Credit Card,0,0
CUST1383,59.0,34,68.05,Two Year,No,No,Credit Card,2,0
CUST1384,27.0,52,30.49,One Year,No,No,Credit Card,0,0
CUST1385,40.0,10,44.2,One Year,No,No,Mailed Check,0,1
CUST1386,20.0,19,118.67,Month-to-Month,Fiber Optic,Yes,Bank Transfer,2,1
CUST1387,49.0,58,34.25,One Year,DSL,Yes,Mailed Check,1,0
CUST1388,37.0,1,69.89,Month-to-Month,Fiber Optic,Yes,Mailed Check,0,0
CUST1389,27.0,69,81.82,Month-to-Month,Fiber Optic,Yes,Electronic Check,0,0
CUST1390,46.0,4,90.25,Month-to-Month,DSL,No,Credit Card,1,0
CUST1391,58.0,16,75.96,Month-to-Month,No,No,Mailed Check,1,1
CUST1392,69.0,24,20.98,Month-to-Month,No,Yes,Credit Card,3,1
CUST1393,68.0,2,52.65,Month-to-Month,Fiber Optic,No,Mailed Check,2,1
CUST1394,63.0,32,71.77,Month-to-Month,DSL,No,Mailed Check,1,1
CUST1395,51.0,24,28.79,Two Year,Fiber Optic,No,Electronic Check,1,1
CUST1396,54.0,12,55.06,Month-to-Month,No,No,Bank Transfer,4,1
CUST1397,37.0,50,23.32,Month-to-Month,No,Yes,Bank Transfer,2,0
CUST1398,25.0,35,27.86,Month-to-Month,DSL,No,Mailed Check,1,0
CUST1399,24.0,33,59.69,One Year,DSL,No,Electronic Check,1,1
CUST1400,23.0,33,33.27,Month-to-Month,No,Yes,Credit Card,1,0
CUST1401,28.0,61,76.75,Month-to-Month,Fiber Optic,No,Credit Card,0,0
CUST1402,61.0,51,88.95,Month-to-Month,Fiber Optic,No,Mailed Check,3,0
CUST1403,35.0,43,100.06,Month-to-Month,No,Yes,Bank Transfer,2,0
CUST1404,68.0,12,40.02,Month-to-Month,DSL,Yes,Electronic Check,0,1
CUST1405,59.0,67,36.75,Month-to-Month,Fiber Optic,Yes,Bank Transfer,5,0
CUST1406,74.0,65,30.46,Month-to-Month,DSL,Yes,Credit Card,0,0
CUST1407,46.0,33,71.375,Month-to-Month,Fiber Optic,No,Bank Transfer,1,1
CUST1408,42.0,40,90.65,Month-to-Month,No,No,Credit Card,3,1
CUST1409,38.0,43,23.16,Two Year,Fiber Optic,Yes,Electronic Check,1,1
CUST1410,63.0,44,113.62,One Year,No,No,Electronic Check,2,0
CUST1411,20.0,29,25.2,Month-to-Month,Fiber Optic,No,Mailed Check,2,1
CUST1412,46.0,13,74.13,Month-to-Month,DSL,No,Mailed Check,1,1
CUST1413,41.0,12,90.91,Two Year,DSL,No,Bank Transfer,3,1
CUST1414,64.0,46,107.1,Month-to-Month,Fiber Optic,Yes,Electronic Check,1,1
CUST1415,55.0,2,91.41,Month-to-Month,Fiber Optic,No,Electronic Check,2,1
CUST1416,27.0,35,100.17,One Year,DSL,No,Mailed Check,2,1
CUST1417,44.0,8,53.95,Month-to-Month,Fiber Optic,No,Credit Card,2,0
CUST1418,29.0,26,101.48,Month-to-Month,Fiber Optic,No,Bank Transfer,0,1
CUST1419,24.0,34,28.01,Month-to-Month,Fiber Optic,Yes,Bank Transfer,1,0
CUST1420,34.0,7,109.48,Two Year,Fiber Optic,No,Mailed Check,4,0
CUST1421,18.0,68,74.76,Month-to-Month,Fiber Optic,Yes,Electronic Check,0,0
CUST1422,67.0,58,101.73,One Year,DSL,No,Mailed Check,1,0
CUST1423,43.0,29,65.23,Two Year,DSL,No,Mailed Check,0,1
CUST1424,32.0,36,71.375,Month-to-Month,Fiber Optic,Yes,Mailed Check,2,0
CUST1425,68.0,21,72.64,Month-to-Month,Fiber Optic,No,Mailed Check,4,0
CUST1426,50.0,36,93.16,Month-to-Month,DSL,Yes,Credit Card,3,0
CUST1427,54.0,10,71.375,Month-to-Month,No,No,Credit Card,0,0
CUST1428,46.0,24,26.04,Month-to-Month,Fiber Optic,No,Electronic Check,1,1
CUST1429,48.0,64,44.71,Two Year,Fiber Optic,No,Mailed Check,0,0
CUST1430,52.0,49,35.95,One Year,DSL,No,Credit Card,1,0
CUST1431,18.0,36,107.18,One Year,Fiber Optic,No,Electronic Check,3,1
CUST1432,25.0,24,41.92,Month-to-Month,Fiber Optic,No,Mailed Check,0,1
CUST1433,29.0,23,117.59,Two Year,Fiber Optic,No,Bank Transfer,3,0
CUST1434,71.0,62,53.69,Two Year,Fiber Optic,No,Credit Card,2,1
CUST1435,74.0,37,38.21,Two Year,No,Yes,Electronic Check,2,1
CUST1436,36.0,12,98.97,Month-to-Month,Fiber Optic,No,Bank Transfer,1,1
CUST1437,42.0,55,85.87,One Year,DSL,Yes,Mailed Check,2,0
CUST1438,74.0,13,69.82,Month-to-Month,Fiber Optic,No,Mailed Check,1,1
CUST1439,49.0,23,75.54,Month-to-Month,Fiber Optic,Yes,Mailed Check,1,1
CUST1440,29.0,30,91.92,Month-to-Month,Fiber Optic,Yes,Credit Card,6,1
CUST1441,30.0,17,42.85,One Year,DSL,No,Electronic Check,2,0
CUST1442,45.0,62,119.63,One Year,DSL,No,Bank Transfer,1,0
CUST1443,18.0,13,117.48,Month-to-Month,No,Yes,Electronic Check,2,0
CUST1444,68.0,59,85.03,Month-to-Month,Fiber Optic,Yes,Credit Card,0,0
CUST1445,23.0,19,39.95,Month-to-Month,No,No,Electronic Check,0,0
CUST1446,25.0,49,88.02,Month-to-Month,Fiber Optic,No,Credit Card,2,1
CUST1447,21.0,12,27.22,Month-to-Month,Fiber Optic,Yes,Mailed Check,2,1
CUST1448,22.0,61,23.07,Month-to-Month,Fiber Optic,Yes,Bank Transfer,1,0
CUST1449,42.0,19,45.77,One Year,No,No,Mailed Check,0,0
CUST1450,39.0,9,66.26,Month-to-Month,Fiber Optic,Yes,Electronic Check,1,0
CUST1451,45.0,71,106.83,Month-to-Month,Fiber Optic,No,Mailed Check,1,0
CUST1452,56.0,28,92.72,Month-to-Month,DSL,No,Bank Transfer,0,1
CUST1453,40.0,52,94.27,Two Year,Fiber Optic,No,Mailed Check,1,1
CUST1454,21.0,16,62.55,One Year,Fiber Optic,Yes,Bank Transfer,0,1
CUST1455,69.0,69,54.59,One Year,DSL,No,Bank Transfer,1,0
CUST1456,21.0,12,57.1,Month-to-Month,DSL,No,Mailed Check,0,1
CUST1457,64.0,25,118.76,One Year,DSL,No,Credit Card,5,1
CUST1458,38.0,52,24.01,Month-to-Month,DSL,No,Electronic Check,4,0
CUST1459,54.0,53,106.7,One Year,DSL,No,Credit Card,3,0
CUST1460,73.0,23,77.87,Two Year,Fiber Optic,No,Credit Card,1,0
CUST1461,58.0,16,63.86,One Year,No,No,Mailed Check,1,0
CUST1462,19.0,57,92.53,Two Year,Fiber Optic,No,Electronic Check,0,0
CUST1463,46.0,39,68.67,One Year,DSL,No,Electronic Check,1,0
CUST1464,66.0,53,107.34,Month-to-Month,DSL,No,Credit Card,3,0
CUST1465,33.0,42,110.07,Two Year,Fiber Optic,Yes,Mailed Check,2,0
CUST1466,34.0,58,62.17,Month-to-Month,Fiber Optic,No,Electronic Check,0,1
CUST1467,37.0,39,47.68,Month-to-Month,No,No,Credit Card,1,0
CUST1468,40.0,14,79.24,Month-to-Month,Fiber Optic,Yes,Electronic Check,3,1
CUST1469,51.0,5,111.24,Month-to-Month,Fiber Optic,Yes,Mailed Check,2,1
CUST1470,28.0,35,41.07,Month-to-Month,DSL,No,Mailed Check,1,1
CUST1471,51.0,18,82.3,Month-to-Month,Fiber Optic,No,Mailed Check,2,1
CUST1472,50.0,9,83.16,Month-to-Month,DSL,No,Electronic Check,1,0
CUST1473,43.0,58,93.31,One Year,No,Yes,Bank Transfer,2,0
CUST1474,19.0,17,33.16,Month-to-Month,Fiber Optic,No,Electronic Check,2,0
CUST1475,40.0,7,91.58,Month-to-Month,DSL,Yes,Bank Transfer,0,1
CUST1476,46.0,46,110.9,One Year,DSL,No,Mailed Check,2,1
CUST1477,39.0,13,37.97,Month-to-Month,DSL,Yes,Credit Card,1,1
CUST1478,51.0,40,43.75,One Year,Fiber Optic,Yes,Bank Transfer,1,0
CUST1479,32.0,42,117.14,One Year,DSL,Yes,Mailed Check,2,0
CUST1480,27.0,9,38.1,Two Year,Fiber Optic,Yes,Mailed Check,1,0
CUST1481,32.0,50,105.44,One Year,DSL,Yes,Bank Transfer,1,0
CUST1482,59.0,27,69.23,Month-to-Month,Fiber Optic,Yes,Credit Card,0,0
CUST1483,46.0,66,44.72,One Year,No,No,Mailed Check,1,0
CUST1484,74.0,5,107.07,Month-to-Month,Fiber Optic,No,Bank Transfer,2,1
CUST1485,40.0,29,64.53,Month-to-Month,Fiber Optic,Yes,Credit Card,1,1
CUST1486,34.0,37,71.48,One Year,DSL,No,Credit Card,3,0
CUST1487,26.0,38,55.92,Month-to-Month,DSL,Yes,Mailed Check,2,0
CUST1488,67.0,8,79.3,One Year,Fiber Optic,No,Electronic Check,0,1
CUST1489,53.0,65,36.35,Two Year,Fiber Optic,Yes,Electronic Check,0,0
CUST1490,26.0,17,59.11,Two Year,Fiber Optic,No,Mailed Check,2,0
CUST1491,33.0,71,116.94,Two Year,DSL,No,Credit Card,3,1
CUST1492,53.0,45,45.81,Month-to-Month,DSL,No,Mailed Check,0,1
CUST1493,65.0,4,85.67,Month-to-Month,DSL,No,Bank Transfer,2,0
CUST1494,68.0,36,52.52,One Year,No,No,Electronic Check,2,0
CUST1495,50.0,70,97.35,Month-to-Month,DSL,No,Bank Transfer,2,0
CUST1496,72.0,31,33.09,One Year,Fiber Optic,Yes,Mailed Check,0,0
CUST1497,48.0,19,116.98,One Year,DSL,Yes,Mailed Check,2,1
CUST1498,23.0,61,65.38,One Year,Fiber Optic,Yes,Credit Card,2,1
CUST1499,27.0,54,43.61,Month-to-Month,DSL,Yes,Credit Card,0,0
CUST1500,33.0,39,27.35,Month-to-Month,No,No,Credit Card,0,1
CUST1501,21.0,19,36.98,Month-to-Month,No,No,Bank Transfer,1,1
CUST1502,71.0,39,71.98,Month-to-Month,DSL,Yes,Credit Card,1,1
CUST1503,39.0,67,53.7,Two Year,No,No,Mailed Check,1,0
CUST1504,46.0,45,102.89,Month-to-Month,No,No,Credit Card,1,1
CUST1505,33.0,13,63.09,Month-to-Month,No,Yes,Electronic Check,2,1
CUST1506,69.0,58,44.87,Month-to-Month,No,Yes,Credit Card,3,0
CUST1507,46.0,20,81.71,One Year,DSL,Yes,Bank Transfer,1,1
CUST1508,23.0,61,90.68,One Year,Fiber Optic,Yes,Electronic Check,3,0
CUST1509,43.0,39,36.7,Month-to-Month,DSL,Yes,Electronic Check,2,1
CUST1510,28.0,1,36.76,Month-to-Month,DSL,No,Electronic Check,3,0
CUST1511,41.0,3,23.67,Month-to-Month,No,Yes,Bank Transfer,2,1
CUST1512,46.0,62,93.64,Month-to-Month,DSL,Yes,Mailed Check,4,0
CUST1513,20.0,63,86.38,One Year,Fiber Optic,No,Credit Card,2,1
CUST1514,69.0,25,67.46,One Year,No,No,Electronic Check,1,1
CUST1515,27.0,56,104.42,Month-to-Month,No,No,Electronic Check,1,0
CUST1516,18.0,33,100.57,Month-to-Month,No,No,Electronic Check,0,1
CUST1517,69.0,38,78.54,Two Year,DSL,Yes,Mailed Check,1,0
CUST1518,60.0,6,106.83,Month-to-Month,DSL,No,Mailed Check,1,0
CUST1519,43.0,58,40.58,One Year,Fiber Optic,Yes,Bank Transfer,3,0
CUST1520,46.0,44,31.19,Month-to-Month,DSL,Yes,Mailed Check,1,0
CUST1521,31.0,45,46.97,Month-to-Month,DSL,No,Credit Card,0,1
CUST1522,42.0,32,25.71,Month-to-Month,Fiber Optic,No,Bank Transfer,2,0
CUST1523,25.0,45,73.12,Month-to-Month,Fiber Optic,No,Bank Transfer,0,0
CUST1524,60.0,61,113.66,Two Year,Fiber Optic,No,Credit Card,0,0
CUST1525,21.0,47,23.93,Month-to-Month,DSL,No,Credit Card,2,0
CUST1526,45.0,21,32.21,Month-to-Month,Fiber Optic,Yes,Credit Card,2,0
CUST1527,24.0,36,65.22,Month-to-Month,DSL,Yes,Bank Transfer,1,1
CUST1528,27.0,19,113.39,Month-to-Month,DSL,Yes,Bank Transfer,1,1
CUST1529,68.0,20,51.62,Month-to-Month,Fiber Optic,Yes,Bank Transfer,0,1
CUST1530,74.0,57,70.72,Month-to-Month,Fiber Optic,No,Credit Card,1,0
CUST1531,53.0,18,24.16,One Year,Fiber Optic,No,Credit Card,1,0
CUST1532,19.0,47,34.83,Month-to-Month,DSL,No,Electronic Check,1,0
CUST1533,43.0,49,118.66,Month-to-Month,No,Yes,Mailed Check,4,1
CUST1534,70.0,14,116.51,Two Year,Fiber Optic,No,Electronic Check,2,0
CUST1535,67.0,15,20.49,Month-to-Month,Fiber Optic,Yes,Credit Card,2,0
CUST1536,31.0,31,115.18,Two Year,Fiber Optic,Yes,Bank Transfer,1,0
CUST1537,33.0,1,83.91,Month-to-Month,No,Yes,Credit Card,5,1
CUST1538,71.0,54,106.79,Two Year,Fiber Optic,No,Mailed Check,1,0
CUST1539,60.0,3,65.47,One Year,Fiber Optic,No,Electronic Check,3,1
CUST1540,59.0,16,71.56,Two Year,No,No,Electronic Check,1,0
CUST1541,34.0,57,68.88,Two Year,Fiber Optic,No,Bank Transfer,2,0
CUST1542,63.0,12,86.69,Month-to-Month,Fiber Optic,No,Electronic Check,2,1
CUST1543,39.0,16,33.97,Two Year,Fiber Optic,Yes,Electronic Check,0,0
CUST1544,21.0,24,23.0,Month-to-Month,Fiber Optic,Yes,Credit Card,1,1
CUST1545,36.0,28,50.79,Month-to-Month,DSL,Yes,Electronic Check,3,1
CUST1546,19.0,8,90.47,Month-to-Month,Fiber Optic,No,Electronic Check,2,1
CUST1547,56.0,36,40.19,Month-to-Month,No,No,Electronic Check,2,0
CUST1548,26.0,8,87.34,Month-to-Month,No,Yes,Bank Transfer,2,1
CUST1549,36.0,58,116.99,One Year,DSL,No,Bank Transfer,0,0
CUST1550,33.0,60,29.39,Month-to-Month,Fiber Optic,No,Credit Card,4,1
CUST1551,71.0,50,87.26,One Year,DSL,Yes,Electronic Check,0,0
CUST1552,42.0,28,64.38,Two Year,No,Yes,Bank Transfer,2,0
CUST1553,65.0,41,106.81,Month-to-Month,No,No,Bank Transfer,1,1
CUST1554,35.0,64,37.71,Month-to-Month,Fiber Optic,No,Credit Card,0,0
CUST1555,46.0,27,89.26,Month-to-Month,No,Yes,Mailed Check,0,1
CUST1556,70.0,63,103.81,Month-to-Month,Fiber Optic,No,Electronic Check,2,1
CUST1557,38.0,17,114.46,Month-to-Month,Fiber Optic,Yes,Bank Transfer,2,0
CUST1558,28.0,33,88.32,Month-to-Month,DSL,No,Credit Card,0,1
CUST1559,56.0,29,69.72,Month-to-Month,Fiber Optic,No,Credit Card,0,1
CUST1560,58.0,13,81.78,Two Year,Fiber Optic,No,Credit Card,2,1
CUST1561,21.0,46,106.89,One Year,Fiber Optic,No,Bank Transfer,2,1
CUST1562,42.0,35,77.06,Month-to-Month,Fiber Optic,No,Electronic Check,1,1
CUST1563,49.0,6,23.04,One Year,No,No,Mailed Check,2,0
CUST1564,47.0,69,113.09,Month-to-Month,DSL,Yes,Electronic Check,1,0
CUST1565,62.0,47,88.95,Month-to-Month,Fiber Optic,No,Credit Card,3,1
CUST1566,43.0,25,87.65,One Year,Fiber Optic,Yes,Credit Card,1,1
CUST1567,74.0,66,41.57,Month-to-Month,Fiber Optic,No,Mailed Check,1,1
CUST1568,53.0,10,85.89,Month-to-Month,Fiber Optic,No,Electronic Check,6,1
CUST1569,68.0,56,59.39,Two Year,DSL,No,Credit Card,1,0
CUST1570,51.0,30,85.12,Two Year,DSL,No,Credit Card,1,0
CUST1571,26.0,5,30.66,One Year,Fiber Optic,No,Electronic Check,2,0
CUST1572,29.0,33,85.78,One Year,Fiber Optic,Yes,Credit Card,0,0
CUST1573,19.0,65,119.94,One Year,DSL,No,Electronic Check,1,0
CUST1574,55.0,18,24.82,Month-to-Month,Fiber Optic,Yes,Credit Card,0,1
CUST1575,46.0,49,117.72,Month-to-Month,Fiber Optic,Yes,Electronic Check,0,1
CUST1576,22.0,11,60.69,Month-to-Month,Fiber Optic,Yes,Mailed Check,1,1
CUST1577,69.0,26,71.375,Month-to-Month,No,No,Credit Card,3,0
CUST1578,39.0,63,98.24,Month-to-Month,DSL,No,Mailed Check,2,0
CUST1579,22.0,59,76.7,Month-to-Month,DSL,No,Credit Card,0,0
CUST1580,21.0,27,93.84,Two Year,Fiber Optic,No,Credit Card,2,0
CUST1581,26.0,49,107.85,Two Year,Fiber Optic,Yes,Bank Transfer,1,1
CUST1582,46.0,33,60.41,One Year,Fiber Optic,Yes,Electronic Check,3,1
CUST1583,39.0,1,52.7,Month-to-Month,No,No,Mailed Check,2,0
CUST1584,44.0,21,86.76,Two Year,No,No,Mailed Check,1,0
CUST1585,27.0,55,100.78,Month-to-Month,No,No,Mailed Check,0,1
CUST1586,33.0,6,96.23,One Year,Fiber Optic,Yes,Electronic Check,3,0
CUST1587,59.0,69,99.78,Month-to-Month,Fiber Optic,No,Bank Transfer,3,1
CUST1588,59.0,5,63.56,One Year,Fiber Optic,No,Mailed Check,2,0
CUST1589,68.0,3,101.78,Month-to-Month,DSL,Yes,Electronic Check,2,1
CUST1590,27.0,53,32.02,Two Year,Fiber Optic,No,Credit Card,0,0
CUST1591,23.0,23,74.45,Two Year,DSL,No,Mailed Check,0,1
CUST1592,66.0,53,20.58,Month-to-Month,No,No,Mailed Check,1,1
CUST1593,22.0,37,52.46,Month-to-Month,Fiber Optic,Yes,Bank Transfer,1,0
CUST1594,23.0,17,56.65,Two Year,Fiber Optic,No,Mailed Check,1,1
CUST1595,73.0,1,59.62,Month-to-Month,Fiber Optic,Yes,Mailed Check,1,1
CUST1596,64.0,51,89.55,Two Year,DSL,Yes,Credit Card,2,0
CUST1597,42.0,45,58.86,One Year,DSL,No,Electronic Check,1,1
CUST1598,68.0,4,64.87,Month-to-Month,Fiber Optic,No,Electronic Check,2,1
CUST1599,67.0,62,43.75,Month-to-Month,DSL,Yes,Bank Transfer,0,0
CUST1600,21.0,65,57.33,Month-to-Month,Fiber Optic,No,Credit Card,2,1
CUST1601,57.0,32,42.73,One Year,No,No,Electronic Check,1,1
CUST1602,65.0,34,27.32,Month-to-Month,No,No,Credit Card,1,0
CUST1603,49.0,39,80.34,Month-to-Month,Fiber Optic,No,Electronic Check,3,0
CUST1604,73.0,26,86.82,Month-to-Month,DSL,No,Credit Card,1,1
CUST1605,68.0,34,81.95,One Year,No,No,Bank Transfer,2,1
CUST1606,69.0,54,66.35,Two Year,No,No,Mailed Check,0,0
CUST1607,52.0,3,57.98,Two Year,DSL,No,Bank Transfer,1,0
CUST1608,27.0,50,106.33,Month-to-Month,Fiber Optic,No,Electronic Check,1,1
CUST1609,51.0,12,71.91,Two Year,DSL,No,Bank Transfer,1,0
CUST1610,53.0,65,67.92,One Year,No,No,Mailed Check,2,1
CUST1611,23.0,54,22.56,One Year,No,Yes,Bank Transfer,1,0
CUST1612,60.0,5,54.12,Two Year,DSL,Yes,Electronic Check,2,1
CUST1613,46.0,57,58.02,Month-to-Month,No,No,Electronic Check,2,0
CUST1614,33.0,17,59.88,Month-to-Month,Fiber Optic,Yes,Bank Transfer,2,0
CUST1615,70.0,47,78.02,Two Year,No,No,Mailed Check,1,0
CUST1616,36.0,23,73.36,Month-to-Month,Fiber Optic,No,Bank Transfer,1,1
CUST1617,51.0,14,80.79,Two Year,No,No,Mailed Check,0,1
CUST1618,42.0,66,96.49,Two Year,DSL,No,Credit Card,1,0
CUST1619,48.0,51,101.3,Month-to-Month,DSL,Yes,Mailed Check,0,0
CUST1620,66.0,38,91.81,Two Year,DSL,No,Credit Card,1,0
CUST1621,58.0,64,115.55,Month-to-Month,No,Yes,Bank Transfer,2,0
CUST1622,46.0,38,21.82,Month-to-Month,No,No,Mailed Check,1,1
CUST1623,64.0,50,39.58,One Year,No,No,Credit Card,0,0
CUST1624,47.0,30,20.76,Two Year,No,No,Credit Card,1,0
CUST1625,56.0,51,84.75,Month-to-Month,DSL,No,Credit Card,2,0
CUST1626,71.0,63,109.8,Month-to-Month,Fiber Optic,No,Electronic Check,2,0
CUST1627,72.0,52,44.35,One Year,DSL,Yes,Bank Transfer,0,0
CUST1628,48.0,38,112.7,One Year,DSL,Yes,Credit Card,2,1
CUST1629,36.0,30,26.03,One Year,DSL,No,Mailed Check,2,0
CUST1630,52.0,51,113.44,Month-to-Month,Fiber Optic,No,Credit Card,1,0
CUST1631,46.0,5,55.16,Month-to-Month,DSL,No,Electronic Check,0,0
CUST1632,18.0,29,30.14,Month-to-Month,DSL,No,Bank Transfer,1,0
CUST1633,21.0,4,68.59,Two Year,DSL,No,Electronic Check,2,0
CUST1634,45.0,10,45.68,Month-to-Month,DSL,No,Electronic Check,2,1
CUST1635,35.0,56,48.49,Month-to-Month,No,No,Electronic Check,3,1
CUST1636,43.0,17,50.73,Two Year,Fiber Optic,No,Mailed Check,2,0
CUST1637,57.0,17,100.3,Month-to-Month,No,No,Bank Transfer,1,1
CUST1638,36.0,69,73.92,Two Year,Fiber Optic,Yes,Bank Transfer,0,0
CUST1639,72.0,34,51.13,One Year,DSL,Yes,Mailed Check,2,0
CUST1640,72.0,6,81.03,Two Year,Fiber Optic,Yes,Bank Transfer,0,1
CUST1641,74.0,53,91.62,Month-to-Month,DSL,Yes,Electronic Check,2,0
CUST1642,23.0,66,47.26,Month-to-Month,DSL,Yes,Bank Transfer,4,1
CUST1643,18.0,43,61.35,One Year,DSL,No,Mailed Check,2,0
CUST1644,25.0,23,32.19,Two Year,DSL,No,Electronic Check,0,1
CUST1645,50.0,55,38.11,One Year,DSL,No,Mailed Check,2,1
CUST1646,68.0,16,88.11,Month-to-Month,Fiber Optic,No,Credit Card,1,1
CUST1647,60.0,8,38.14,One Year,Fiber Optic,Yes,Electronic Check,1,0
CUST1648,38.0,4,72.52,One Year,DSL,Yes,Electronic Check,2,1
CUST1649,41.0,4,90.9,One Year,DSL,Yes,Bank Transfer,3,1
CUST1650,42.0,56,30.69,One Year,No,No,Electronic Check,0,0
CUST1651,64.0,25,76.73,Two Year,DSL,Yes,Mailed Check,4,0
CUST1652,72.0,67,45.66,One Year,DSL,Yes,Bank Transfer,1,0
CUST1653,74.0,67,116.29,Month-to-Month,No,No,Credit Card,0,0
CUST1654,60.0,27,68.35,Month-to-Month,DSL,No,Mailed Check,0,0
CUST1655,46.0,32,100.6,Month-to-Month,DSL,Yes,Credit Card,2,0
CUST1656,46.0,50,75.02,Month-to-Month,Fiber Optic,No,Credit Card,0,0
CUST1657,70.0,61,24.34,Month-to-Month,DSL,No,Credit Card,4,0
CUST1658,27.0,51,83.32,Month-to-Month,Fiber Optic,No,Electronic Check,1,1
CUST1659,73.0,19,115.14,Month-to-Month,No,No,Mailed Check,0,1
CUST1660,29.0,21,80.16,Month-to-Month,DSL,Yes,Mailed Check,3,1
CUST1661,50.0,5,101.92,Two Year,Fiber Optic,Yes,Electronic Check,1,1
CUST1662,73.0,42,108.42,Two Year,Fiber Optic,No,Bank Transfer,1,0
CUST1663,24.0,61,42.81,Month-to-Month,DSL,No,Credit Card,1,0
CUST1664,34.0,22,41.2,Two Year,Fiber Optic,No,Mailed Check,1,1
CUST1665,27.0,21,81.1,Month-to-Month,DSL,No,Electronic Check,2,0
CUST1666,48.0,70,61.1,Month-to-Month,Fiber Optic,No,Credit Card,0,1
CUST1667,23.0,1,103.99,Month-to-Month,DSL,No,Bank Transfer,2,1
CUST1668,34.0,5,110.0,Month-to-Month,Fiber Optic,No,Bank Transfer,4,1
CUST1669,67.0,12,55.34,One Year,DSL,No,Credit Card,0,0
CUST1670,54.0,46,43.69,One Year,No,Yes,Bank Transfer,2,0
CUST1671,35.0,34,98.05,Month-to-Month,DSL,No,Mailed Check,1,1
CUST1672,43.0,49,47.48,Month-to-Month,Fiber Optic,Yes,Mailed Check,2,0
CUST1673,66.0,45,102.26,Month-to-Month,Fiber Optic,Yes,Mailed Check,1,1
CUST1674,71.0,27,62.37,Month-to-Month,Fiber Optic,No,Bank Transfer,2,1
CUST1675,33.0,26,86.75,Month-to-Month,Fiber Optic,Yes,Mailed Check,2,0
CUST1676,25.0,47,29.55,Month-to-Month,Fiber Optic,Yes,Electronic Check,0,0
CUST1677,41.0,56,82.39,Two Year,Fiber Optic,Yes,Mailed Check,3,0
CUST1678,30.0,63,65.18,Two Year,No,No,Mailed Check,0,1
CUST1679,46.0,48,78.66,Month-to-Month,DSL,No,Bank Transfer,3,1
CUST1680,49.0,61,36.8,Two Year,Fiber Optic,No,Mailed Check,2,1
CUST1681,41.0,26,93.69,Month-to-Month,No,Yes,Credit Card,1,0
CUST1682,33.0,36,106.28,Month-to-Month,No,No,Electronic Check,5,1
CUST1683,28.0,1,41.67,Month-to-Month,No,No,Bank Transfer,0,1
CUST1684,49.0,8,29.57,One Year,Fiber Optic,Yes,Electronic Check,1,1
CUST1685,23.0,52,22.36,Two Year,DSL,No,Credit Card,1,0
CUST1686,52.0,47,84.2,One Year,Fiber Optic,Yes,Bank Transfer,0,0
CUST1687,46.0,56,80.71,Month-to-Month,Fiber Optic,No,Bank Transfer,1,0
CUST1688,35.0,14,74.67,One Year,Fiber Optic,No,Mailed Check,1,0
CUST1689,54.0,28,43.19,Month-to-Month,Fiber Optic,No,Electronic Check,1,0
CUST1690,30.0,2,59.09,Two Year,No,Yes,Credit Card,2,1
CUST1691,27.0,26,79.45,Month-to-Month,Fiber Optic,No,Credit Card,2,1
CUST1692,54.0,14,69.68,Month-to-Month,No,No,Bank Transfer,1,0
CUST1693,43.0,59,118.78,One Year,Fiber Optic,No,Mailed Check,1,0
CUST1694,63.0,56,33.64,One Year,DSL,No,Bank Transfer,2,0
CUST1695,34.0,7,89.51,Month-to-Month,Fiber Optic,Yes,Bank Transfer,0,1
CUST1696,18.0,3,60.43,One Year,Fiber Optic,Yes,Bank Transfer,0,0
CUST1697,42.0,23,62.82,Month-to-Month,DSL,No,Bank Transfer,2,1
CUST1698,51.0,18,91.76,One Year,DSL,No,Credit Card,1,0
CUST1699,56.0,38,89.24,Two Year,No,No,Credit Card,1,0
CUST1700,27.0,15,119.13,Two Year,DSL,Yes,Bank Transfer,1,1
CUST1701,37.0,64,32.84,One Year,Fiber Optic,No,Bank Transfer,0,0
CUST1702,24.0,28,30.41,Month-to-Month,Fiber Optic,Yes,Mailed Check,0,1
CUST1703,73.0,39,92.43,Month-to-Month,Fiber Optic,No,Bank Transfer,2,0
CUST1704,33.0,57,77.84,One Year,Fiber Optic,No,Credit Card,0,0
CUST1705,54.0,17,47.42,Month-to-Month,DSL,No,Electronic Check,0,0
CUST1706,46.0,44,27.94,Month-to-Month,Fiber Optic,Yes,Credit Card,1,1
CUST1707,29.0,25,28.57,Month-to-Month,Fiber Optic,No,Mailed Check,3,1
CUST1708,34.0,17,109.42,Month-to-Month,Fiber Optic,Yes,Credit Card,0,1
CUST1709,65.0,13,39.19,One Year,DSL,Yes,Electronic Check,3,1
CUST1710,37.0,25,52.34,Month-to-Month,Fiber Optic,No,Bank Transfer,3,1
CUST1711,43.0,68,42.67,One Year,DSL,No,Electronic Check,2,0
CUST1712,65.0,10,55.5,Month-to-Month,DSL,Yes,Bank Transfer,1,1
CUST1713,36.0,67,26.94,Month-to-Month,DSL,No,Bank Transfer,1,0
CUST1714,64.0,18,71.91,Month-to-Month,DSL,No,Credit Card,2,1
CUST1715,29.0,34,26.76,Month-to-Month,No,No,Credit Card,1,0
CUST1716,38.0,8,100.04,Month-to-Month,DSL,Yes,Credit Card,3,1
CUST1717,59.0,40,43.37,One Year,No,No,Mailed Check,1,0
CUST1718,71.0,42,74.0,Month-to-Month,No,Yes,Credit Card,1,0
CUST1719,51.0,41,108.01,Two Year,Fiber Optic,Yes,Mailed Check,1,1
CUST1720,46.0,6,85.09,Month-to-Month,DSL,No,Credit Card,3,1
CUST1721,62.0,52,73.3,Month-to-Month,Fiber Optic,No,Bank Transfer,2,0
CUST1722,52.0,26,52.43,One Year,Fiber Optic,Yes,Mailed Check,0,0
CUST1723,32.0,64,53.3,Month-to-Month,Fiber Optic,Yes,Electronic Check,3,0
CUST1724,18.0,59,86.95,Month-to-Month,DSL,Yes,Mailed Check,2,0
CUST1725,46.0,56,119.41,Month-to-Month,Fiber Optic,No,Mailed Check,2,1
CUST1726,52.0,59,86.18,Month-to-Month,No,No,Electronic Check,3,0
CUST1727,42.0,70,75.78,Two Year,Fiber Optic,Yes,Mailed Check,2,0
CUST1728,59.0,33,93.07,Month-to-Month,DSL,No,Bank Transfer,1,1
CUST1729,32.0,53,66.52,One Year,Fiber Optic,No,Credit Card,3,1
CUST1730,39.0,22,26.01,Two Year,DSL,No,Electronic Check,3,1
CUST1731,23.0,21,76.23,Month-to-Month,DSL,Yes,Credit Card,1,1
CUST1732,69.0,70,115.76,Two Year,No,No,Bank Transfer,3,0
CUST1733,32.0,70,37.53,Month-to-Month,DSL,No,Electronic Check,2,1
CUST1734,41.0,4,89.0,Two Year,DSL,No,Credit Card,2,0
CUST1735,38.0,62,40.09,Month-to-Month,DSL,Yes,Credit Card,2,0
CUST1736,24.0,62,73.58,One Year,No,No,Bank Transfer,2,0
CUST1737,74.0,24,29.67,Month-to-Month,Fiber Optic,No,Credit Card,4,0
CUST1738,46.0,55,65.04,Month-to-Month,Fiber Optic,No,Bank Transfer,1,1
CUST1739,49.0,9,95.62,One Year,Fiber Optic,Yes,Mailed Check,1,1
CUST1740,49.0,3,54.76,One Year,DSL,Yes,Bank Transfer,1,0
CUST1741,70.0,31,86.49,Month-to-Month,Fiber Optic,No,Mailed Check,2,1
CUST1742,22.0,40,99.54,Month-to-Month,Fiber Optic,No,Electronic Check,0,0
CUST1743,21.0,36,112.72,One Year,DSL,Yes,Credit Card,1,0
CUST1744,39.0,24,43.46,One Year,Fiber Optic,No,Bank Transfer,0,0
CUST1745,35.0,6,59.93,Two Year,No,Yes,Bank Transfer,4,1
CUST1746,52.0,66,71.375,One Year,DSL,No,Credit Card,2,0
CUST1747,34.0,4,119.25,Two Year,DSL,No,Credit Card,4,1
CUST1748,67.0,6,112.7,One Year,DSL,No,Electronic Check,2,1
CUST1749,67.0,51,74.0,Month-to-Month,DSL,No,Electronic Check,1,0
CUST1750,73.0,62,104.2,Month-to-Month,No,Yes,Bank Transfer,1,1
CUST1751,41.0,57,72.1,One Year,Fiber Optic,No,Electronic Check,3,1
CUST1752,19.0,66,82.36,One Year,Fiber Optic,Yes,Mailed Check,3,0
CUST1753,30.0,8,28.91,Month-to-Month,Fiber Optic,No,Electronic Check,1,1
CUST1754,71.0,26,95.53,Month-to-Month,DSL,No,Electronic Check,0,0
CUST1755,32.0,51,32.77,Two Year,Fiber Optic,No,Bank Transfer,2,0
CUST1756,22.0,45,102.61,Month-to-Month,Fiber Optic,Yes,Mailed Check,3,1
CUST1757,20.0,44,98.2,Month-to-Month,Fiber Optic,No,Electronic Check,2,1
CUST1758,54.0,5,90.87,Month-to-Month,No,Yes,Mailed Check,0,1
CUST1759,46.0,70,23.62,Month-to-Month,Fiber Optic,Yes,Mailed Check,0,0
CUST1760,54.0,26,50.31,Month-to-Month,Fiber Optic,No,Mailed Check,2,1
CUST1761,20.0,68,46.31,Month-to-Month,No,No,Credit Card,0,0
CUST1762,52.0,19,56.01,Month-to-Month,DSL,No,Credit Card,1,1
CUST1763,69.0,20,28.76,One Year,DSL,Yes,Credit Card,1,0
CUST1764,40.0,12,113.7,Month-to-Month,DSL,Yes,Credit Card,0,1
CUST1765,45.0,47,75.38,Two Year,DSL,No,Bank Transfer,1,0
CUST1766,47.0,1,50.55,Two Year,Fiber Optic,No,Electronic Check,1,1
CUST1767,35.0,14,59.7,Month-to-Month,Fiber Optic,Yes,Credit Card,2,0
CUST1768,46.0,64,64.72,One Year,No,No,Bank Transfer,2,0
CUST1769,53.0,38,80.06,Month-to-Month,Fiber Optic,No,Electronic Check,0,1
CUST1770,50.0,37,71.57,Two Year,Fiber Optic,No,Credit Card,3,0
CUST1771,43.0,11,111.94,Month-to-Month,DSL,No,Electronic Check,0,0
CUST1772,65.0,3,71.375,One Year,DSL,No,Credit Card,1,1
CUST1773,57.0,33,119.22,One Year,Fiber Optic,No,Bank Transfer,2,0
CUST1774,34.0,6,105.14,Month-to-Month,Fiber Optic,No,Mailed Check,3,1
CUST1775,57.0,50,40.85,Month-to-Month,No,Yes,Mailed Check,0,0
CUST1776,24.0,10,113.06,One Year,DSL,No,Electronic Check,1,1
CUST1777,74.0,5,71.375,One Year,DSL,No,Bank Transfer,1,0
CUST1778,25.0,23,101.74,Month-to-Month,Fiber Optic,No,Mailed Check,1,1
CUST1779,70.0,10,58.06,One Year,DSL,Yes,Credit Card,1,1
CUST1780,73.0,44,107.8,Month-to-Month,DSL,No,Mailed Check,1,0
CUST1781,48.0,2,106.81,One Year,Fiber Optic,No,Electronic Check,1,1
CUST1782,29.0,13,100.59,Month-to-Month,DSL,Yes,Electronic Check,3,0
CUST1783,65.0,40,99.0,Two Year,Fiber Optic,No,Bank Transfer,0,0
CUST1784,48.0,2,50.47,Month-to-Month,DSL,No,Electronic Check,2,1
CUST1785,61.0,65,28.09,Month-to-Month,DSL,Yes,Mailed Check,1,0
CUST1786,36.0,63,60.3,Month-to-Month,Fiber Optic,No,Mailed Check,1,0
CUST1787,27.0,17,37.35,Month-to-Month,No,No,Mailed Check,3,1
CUST1788,56.0,9,89.5,Month-to-Month,Fiber Optic,No,Mailed Check,2,1
CUST1789,29.0,15,54.61,Month-to-Month,Fiber Optic,Yes,Bank Transfer,0,1
CUST1790,37.0,24,117.56,Two Year,DSL,Yes,Credit Card,0,0
CUST1791,54.0,38,84.1,Month-to-Month,Fiber Optic,No,Credit Card,0,1
CUST1792,46.0,35,102.25,Month-to-Month,DSL,Yes,Bank Transfer,1,1
CUST1793,58.0,49,33.25,Month-to-Month,Fiber Optic,No,Electronic Check,1,0
CUST1794,24.0,69,106.2,Month-to-Month,Fiber Optic,Yes,Credit Card,3,1
CUST1795,69.0,62,71.375,Month-to-Month,No,Yes,Electronic Check,1,1
CUST1796,71.0,60,68.71,Month-to-Month,Fiber Optic,Yes,Credit Card,1,1
CUST1797,31.0,50,80.63,Month-to-Month,DSL,No,Electronic Check,2,0
CUST1798,28.0,9,96.48,Month-to-Month,DSL,No,Bank Transfer,2,1
CUST1799,24.0,34,37.48,Month-to-Month,No,Yes,Mailed Check,1,1
CUST1800,46.0,35,70.26,One Year,Fiber Optic,Yes,Electronic Check,3,0
CUST1801,27.0,1,59.87,Month-to-Month,Fiber Optic,Yes,Mailed Check,0,1
CUST1802,46.0,40,34.64,Month-to-Month,DSL,No,Electronic Check,2,1
CUST1803,26.0,64,56.75,Two Year,DSL,No,Electronic Check,3,0
CUST1804,53.0,22,26.82,Month-to-Month,DSL,No,Electronic Check,3,0
CUST1805,65.0,60,22.58,One Year,No,No,Electronic Check,2,0
CUST1806,27.0,64,33.52,Month-to-Month,Fiber Optic,No,Electronic Check,2,1
CUST1807,36.0,11,116.31,One Year,No,Yes,Mailed Check,3,0
CUST1808,73.0,14,74.95,One Year,DSL,No,Electronic Check,1,0
CUST1809,48.0,60,116.58,Month-to-Month,Fiber Optic,Yes,Mailed Check,0,0
CUST1810,34.0,30,63.25,Two Year,Fiber Optic,Yes,Bank Transfer,1,1
CUST1811,26.0,35,51.18,Month-to-Month,DSL,No,Credit Card,1,0
CUST1812,62.0,37,70.61,Month-to-Month,No,No,Electronic Check,1,1
CUST1813,50.0,5,63.95,One Year,No,No,Credit Card,3,1
CUST1814,51.0,26,30.57,Two Year,No,No,Mailed Check,0,0
CUST1815,62.0,62,84.08,Month-to-Month,Fiber Optic,No,Bank Transfer,2,1
CUST1816,41.0,4,41.6,Month-to-Month,DSL,Yes,Bank Transfer,1,1
CUST1817,26.0,42,81.96,Month-to-Month,DSL,No,Bank Transfer,2,0
CUST1818,24.0,18,85.02,Month-to-Month,No,No,Credit Card,0,1
CUST1819,33.0,40,35.2,One Year,DSL,No,Mailed Check,0,0
CUST1820,36.0,39,26.13,Month-to-Month,Fiber Optic,No,Electronic Check,2,0
CUST1821,56.0,14,98.08,Month-to-Month,Fiber Optic,Yes,Electronic Check,0,1
CUST1822,23.0,32,65.98,Month-to-Month,Fiber Optic,No,Mailed Check,2,0
CUST1823,67.0,51,25.82,Month-to-Month,No,No,Credit Card,1,0
CUST1824,68.0,38,119.49,Month-to-Month,DSL,Yes,Electronic Check,2,1
CUST1825,28.0,23,25.78,One Year,DSL,No,Mailed Check,2,0
CUST1826,29.0,63,89.5,Two Year,DSL,No,Electronic Check,1,0
CUST1827,59.0,15,118.37,Two Year,Fiber Optic,No,Bank Transfer,2,0
CUST1828,30.0,25,43.92,Month-to-Month,DSL,No,Electronic Check,0,1
CUST1829,29.0,17,34.22,Two Year,DSL,Yes,Credit Card,0,0
CUST1830,38.0,66,32.14,One Year,No,Yes,Mailed Check,1,0
CUST1831,27.0,53,50.33,One Year,No,Yes,Credit Card,2,0
CUST1832,37.0,51,30.1,Month-to-Month,DSL,No,Mailed Check,1,0
CUST1833,67.0,39,89.22,Month-to-Month,Fiber Optic,Yes,Bank Transfer,0,0
CUST1834,53.0,51,26.23,Month-to-Month,No,Yes,Mailed Check,1,0
CUST1835,45.0,70,70.94,Month-to-Month,DSL,No,Electronic Check,1,0
CUST1836,41.0,6,119.67,Month-to-Month,DSL,No,Electronic Check,1,0
CUST1837,22.0,67,101.4,Month-to-Month,DSL,No,Bank Transfer,0,0
CUST1838,54.0,7,81.52,Month-to-Month,Fiber Optic,Yes,Mailed Check,0,0
CUST1839,29.0,51,50.63,One Year,DSL,Yes,Bank Transfer,1,0
CUST1840,52.0,42,82.39,Month-to-Month,No,Yes,Electronic Check,1,0
CUST1841,57.0,64,72.7,Month-to-Month,Fiber Optic,No,Credit Card,0,0
CUST1842,71.0,15,62.61,Two Year,Fiber Optic,No,Bank Transfer,1,0
CUST1843,19.0,29,33.07,Two Year,DSL,No,Credit Card,0,0
CUST1844,67.0,33,108.66,One Year,Fiber Optic,Yes,Credit Card,1,0
CUST1845,58.0,27,64.98,Two Year,Fiber Optic,No,Mailed Check,2,0
CUST1846,62.0,36,39.46,Month-to-Month,Fiber Optic,Yes,Bank Transfer,1,0
CUST1847,56.0,29,56.78,Two Year,Fiber Optic,Yes,Credit Card,2,0
CUST1848,59.0,38,61.41,Month-to-Month,Fiber Optic,No,Credit Card,4,1
CUST1849,26.0,57,102.75,Month-to-Month,No,No,Mailed Check,1,1
CUST1850,39.0,27,93.36,Month-to-Month,No,Yes,Mailed Check,1,1
CUST1851,64.0,55,96.93,Month-to-Month,Fiber Optic,Yes,Electronic Check,2,1
CUST1852,22.0,33,21.1,Month-to-Month,DSL,No,Credit Card,2,1
CUST1853,29.0,68,61.62,One Year,DSL,Yes,Electronic Check,1,0
CUST1854,18.0,66,68.13,One Year,DSL,Yes,Credit Card,1,0
CUST1855,61.0,10,21.92,One Year,Fiber Optic,Yes,Electronic Check,2,0
CUST1856,39.0,5,45.98,Month-to-Month,Fiber Optic,Yes,Mailed Check,2,0
CUST1857,55.0,38,96.03,Two Year,Fiber Optic,Yes,Bank Transfer,2,1
CUST1858,68.0,13,33.71,One Year,No,No,Mailed Check,0,0
CUST1859,36.0,31,71.375,Month-to-Month,No,Yes,Electronic Check,1,1
CUST1860,33.0,47,41.52,One Year,No,No,Electronic Check,2,0
CUST1861,48.0,52,21.21,Month-to-Month,DSL,No,Bank Transfer,3,0
CUST1862,68.0,56,44.12,Month-to-Month,Fiber Optic,No,Credit Card,1,0
CUST1863,20.0,15,117.59,Two Year,DSL,No,Electronic Check,2,1
CUST1864,40.0,29,100.15,Month-to-Month,DSL,No,Electronic Check,0,0
CUST1865,59.0,8,115.96,Month-to-Month,DSL,Yes,Electronic Check,1,0
CUST1866,35.0,5,68.79,Two Year,DSL,No,Bank Transfer,3,1
CUST1867,43.0,29,30.97,One Year,Fiber Optic,No,Mailed Check,0,0
CUST1868,46.0,47,74.8,Month-to-Month,No,No,Electronic Check,2,1
CUST1869,35.0,68,65.44,Month-to-Month,DSL,No,Bank Transfer,1,0
CUST1870,20.0,45,104.44,Month-to-Month,Fiber Optic,No,Electronic Check,3,1
CUST1871,40.0,2,29.81,One Year,Fiber Optic,No,Credit Card,0,1
CUST1872,20.0,27,68.82,Month-to-Month,DSL,Yes,Bank Transfer,2,1
CUST1873,72.0,36,35.0,Month-to-Month,Fiber Optic,No,Electronic Check,1,1
CUST1874,42.0,36,52.47,Two Year,DSL,No,Bank Transfer,0,0
CUST1875,44.0,26,93.74,Month-to-Month,Fiber Optic,No,Electronic Check,1,0
CUST1876,61.0,43,67.6,Month-to-Month,Fiber Optic,Yes,Mailed Check,2,0
CUST1877,44.0,27,71.375,Month-to-Month,DSL,No,Electronic Check,2,1
CUST1878,69.0,69,59.45,One Year,DSL,Yes,Bank Transfer,1,0
CUST1879,56.0,20,65.94,Month-to-Month,Fiber Optic,Yes,Credit Card,0,1
CUST1880,42.0,11,98.5,Month-to-Month,No,No,Credit Card,0,0
CUST1881,41.0,38,109.21,Two Year,DSL,Yes,Credit Card,1,0
CUST1882,25.0,6,115.53,Month-to-Month,Fiber Optic,No,Electronic Check,3,1
CUST1883,26.0,23,98.69,Month-to-Month,Fiber Optic,Yes,Mailed Check,1,1
CUST1884,63.0,47,51.54,Month-to-Month,No,No,Electronic Check,0,1
CUST1885,54.0,46,88.81,Month-to-Month,No,Yes,Credit Card,0,0
CUST1886,47.0,12,63.76,Month-to-Month,Fiber Optic,Yes,Bank Transfer,2,1
CUST1887,70.0,13,45.47,Month-to-Month,Fiber Optic,Yes,Credit Card,0,1
CUST1888,36.0,62,104.09,Month-to-Month,No,Yes,Bank Transfer,1,1
CUST1889,70.0,60,23.84,Month-to-Month,Fiber Optic,No,Mailed Check,4,0
CUST1890,33.0,43,110.18,Two Year,DSL,Yes,Bank Transfer,2,0
CUST1891,41.0,68,66.15,Two Year,DSL,No,Electronic Check,0,0
CUST1892,61.0,5,83.72,One Year,No,No,Electronic Check,2,1
CUST1893,38.0,37,85.94,Two Year,No,No,Electronic Check,2,1
CUST1894,53.0,31,109.51,Month-to-Month,DSL,Yes,Bank Transfer,4,1
CUST1895,57.0,9,83.67,Two Year,Fiber Optic,No,Electronic Check,1,0
CUST1896,56.0,51,71.375,Month-to-Month,Fiber Optic,No,Electronic Check,1,1
CUST1897,64.0,29,71.375,Two Year,DSL,No,Electronic Check,0,0
CUST1898,23.0,40,71.375,Two Year,No,Yes,Mailed Check,1,0
CUST1899,22.0,41,35.02,One Year,DSL,Yes,Bank Transfer,0,0
CUST1900,31.0,11,93.74,Two Year,DSL,No,Bank Transfer,4,1
CUST1901,70.0,23,71.22,One Year,Fiber Optic,Yes,Credit Card,1,0
CUST1902,62.0,1,88.02,Month-to-Month,Fiber Optic,Yes,Bank Transfer,0,1
CUST1903,59.0,46,24.17,Month-to-Month,DSL,Yes,Mailed Check,2,0
CUST1904,67.0,21,28.48,One Year,Fiber Optic,Yes,Bank Transfer,2,0
CUST1905,21.0,36,91.63,Month-to-Month,Fiber Optic,Yes,Mailed Check,0,1
CUST1906,25.0,54,27.21,One Year,DSL,No,Mailed Check,3,0
CUST1907,41.0,57,27.13,Two Year,DSL,Yes,Bank Transfer,1,0
CUST1908,28.0,1,21.21,Month-to-Month,Fiber Optic,No,Credit Card,0,1
CUST1909,34.0,63,115.65,One Year,DSL,Yes,Electronic Check,2,0
CUST1910,67.0,54,93.75,Two Year,No,Yes,Electronic Check,0,0
CUST1911,38.0,55,55.33,Two Year,No,No,Bank Transfer,2,0
CUST1912,74.0,40,49.65,Two Year,No,Yes,Bank Transfer,1,0
CUST1913,43.0,15,54.97,Month-to-Month,DSL,No,Mailed Check,1,0
CUST1914,60.0,21,97.47,Two Year,No,No,Bank Transfer,0,0
CUST1915,65.0,47,86.14,One Year,Fiber Optic,Yes,Mailed Check,1,0
CUST1916,61.0,53,38.52,Month-to-Month,DSL,No,Credit Card,2,0
CUST1917,62.0,9,37.41,Month-to-Month,DSL,Yes,Bank Transfer,1,1
CUST1918,44.0,52,29.84,One Year,DSL,No,Electronic Check,4,0
CUST1919,33.0,57,86.03,Month-to-Month,Fiber Optic,Yes,Electronic Check,0,0
CUST1920,72.0,26,96.44,One Year,Fiber Optic,No,Bank Transfer,3,1
CUST1921,43.0,41,46.5,One Year,DSL,Yes,Mailed Check,3,0
CUST1922,70.0,35,22.09,Month-to-Month,Fiber Optic,No,Electronic Check,1,1
CUST1923,50.0,63,28.22,One Year,DSL,No,Mailed Check,2,0
CUST1924,48.0,25,116.79,One Year,Fiber Optic,No,Bank Transfer,1,0
CUST1925,65.0,38,49.54,Month-to-Month,Fiber Optic,No,Bank Transfer,0,0
CUST1926,64.0,2,96.92,Month-to-Month,No,No,Electronic Check,0,1
CUST1927,23.0,7,82.47,Month-to-Month,No,No,Bank Transfer,1,1
CUST1928,61.0,34,58.19,Month-to-Month,Fiber Optic,Yes,Credit Card,1,1
CUST1929,25.0,17,40.57,Two Year,Fiber Optic,Yes,Credit Card,0,0
CUST1930,24.0,43,32.14,Month-to-Month,Fiber Optic,Yes,Electronic Check,2,1
CUST1931,51.0,59,81.5,One Year,No,Yes,Credit Card,1,0
CUST1932,61.0,51,97.46,Month-to-Month,DSL,Yes,Mailed Check,0,0
CUST1933,70.0,54,84.39,Month-to-Month,DSL,No,Electronic Check,0,1
CUST1934,31.0,24,73.03,Two Year,DSL,Yes,Electronic Check,0,0
CUST1935,33.0,25,24.2,One Year,Fiber Optic,No,Mailed Check,4,0
CUST1936,60.0,71,116.85,Month-to-Month,Fiber Optic,Yes,Credit Card,2,0
CUST1937,69.0,52,99.87,Month-to-Month,No,Yes,Credit Card,3,0
CUST1938,26.0,70,49.28,Month-to-Month,DSL,No,Credit Card,1,0
CUST1939,27.0,33,118.0,Month-to-Month,Fiber Optic,No,Electronic Check,2,0
CUST1940,34.0,49,80.19,One Year,No,No,Electronic Check,3,0
CUST1941,29.0,29,78.24,Month-to-Month,No,No,Credit Card,3,1
CUST1942,23.0,63,94.81,Month-to-Month,Fiber Optic,Yes,Bank Transfer,0,1
CUST1943,36.0,22,101.18,Month-to-Month,Fiber Optic,No,Credit Card,0,1
CUST1944,60.0,26,85.65,Two Year,DSL,Yes,Mailed Check,3,1
CUST1945,58.0,28,32.81,Two Year,No,Yes,Electronic Check,0,0
CUST1946,70.0,49,53.83,Month-to-Month,DSL,No,Mailed Check,2,0
CUST1947,46.0,71,112.81,One Year,No,Yes,Mailed Check,2,0
CUST1948,23.0,49,42.46,Month-to-Month,Fiber Optic,Yes,Electronic Check,2,0
CUST1949,42.0,20,71.375,Month-to-Month,Fiber Optic,No,Bank Transfer,3,1
CUST1950,74.0,63,63.21,One Year,DSL,No,Credit Card,1,0
CUST1951,41.0,61,63.94,Two Year,Fiber Optic,Yes,Mailed Check,3,0
CUST1952,42.0,49,81.29,Two Year,Fiber Optic,Yes,Electronic Check,0,0
CUST1953,33.0,71,114.31,One Year,DSL,Yes,Mailed Check,0,0
CUST1954,46.0,1,44.07,Month-to-Month,Fiber Optic,Yes,Credit Card,3,0
CUST1955,33.0,13,32.15,One Year,No,No,Bank Transfer,0,1
CUST1956,23.0,51,39.75,Month-to-Month,Fiber Optic,Yes,Bank Transfer,1,1
CUST1957,54.0,56,108.69,One Year,Fiber Optic,No,Bank Transfer,1,1
CUST1958,38.0,62,84.58,Month-to-Month,DSL,Yes,Electronic Check,1,0
CUST1959,21.0,32,48.59,One Year,Fiber Optic,No,Electronic Check,3,0
CUST1960,51.0,30,101.59,Month-to-Month,DSL,Yes,Bank Transfer,1,1
CUST1961,46.0,29,106.14,Month-to-Month,Fiber Optic,No,Credit Card,2,0
CUST1962,55.0,49,104.65,Two Year,No,Yes,Credit Card,0,0
CUST1963,58.0,45,111.89,Month-to-Month,Fiber Optic,No,Electronic Check,2,1
CUST1964,45.0,30,45.22,Month-to-Month,DSL,Yes,Bank Transfer,1,0
CUST1965,34.0,16,95.5,Month-to-Month,Fiber Optic,Yes,Credit Card,0,1
CUST1966,31.0,40,66.05,Month-to-Month,Fiber Optic,No,Credit Card,1,1
CUST1967,24.0,19,104.2,Month-to-Month,Fiber Optic,No,Credit Card,2,1
CUST1968,39.0,18,92.85,Month-to-Month,No,No,Electronic Check,1,0
CUST1969,68.0,1,97.64,Two Year,No,No,Bank Transfer,1,0
CUST1970,46.0,47,85.62,Month-to-Month,Fiber Optic,No,Mailed Check,1,0
CUST1971,46.0,66,37.74,Two Year,Fiber Optic,Yes,Bank Transfer,2,0
CUST1972,69.0,38,74.5,One Year,DSL,Yes,Bank Transfer,2,0
CUST1973,48.0,51,71.375,Month-to-Month,DSL,Yes,Electronic Check,0,0
CUST1974,47.0,63,113.74,One Year,Fiber Optic,No,Credit Card,1,0
CUST1975,74.0,4,24.32,Month-to-Month,Fiber Optic,Yes,Credit Card,1,0
CUST1976,32.0,1,36.48,One Year,Fiber Optic,Yes,Electronic Check,1,0
CUST1977,35.0,8,33.17,Month-to-Month,Fiber Optic,No,Electronic Check,2,1
CUST1978,52.0,29,92.6,Month-to-Month,DSL,No,Electronic Check,1,1
CUST1979,67.0,55,101.78,Two Year,Fiber Optic,No,Electronic Check,2,1
CUST1980,47.0,3,41.35,Two Year,DSL,Yes,Electronic Check,1,0
CUST1981,51.0,32,70.59,Two Year,DSL,Yes,Mailed Check,1,0
CUST1982,59.0,10,104.07,Month-to-Month,No,Yes,Bank Transfer,3,1
CUST1983,28.0,34,93.28,One Year,DSL,Yes,Bank Transfer,1,0
CUST1984,44.0,55,74.22,Month-to-Month,Fiber Optic,No,Bank Transfer,0,0
CUST1985,41.0,32,79.03,Month-to-Month,DSL,No,Credit Card,3,1
CUST1986,52.0,50,70.84,Month-to-Month,No,No,Mailed Check,1,0
CUST1987,56.0,7,49.75,One Year,Fiber Optic,Yes,Bank Transfer,1,0
CUST1988,25.0,8,76.5,Month-to-Month,DSL,No,Credit Card,2,1
CUST1989,68.0,65,88.89,Month-to-Month,Fiber Optic,Yes,Mailed Check,1,0
CUST1990,35.0,57,107.33,Two Year,Fiber Optic,No,Mailed Check,2,0
CUST1991,30.0,67,71.375,Month-to-Month,No,No,Credit Card,2,1
CUST1992,62.0,59,96.11,Month-to-Month,DSL,Yes,Mailed Check,0,0
CUST1993,41.0,54,36.01,Month-to-Month,No,Yes,Credit Card,1,0
CUST1994,68.0,67,66.16,Two Year,No,No,Bank Transfer,1,0
CUST1995,40.0,51,20.93,Month-to-Month,No,Yes,Credit Card,0,0
CUST1996,29.0,8,44.67,Month-to-Month,Fiber Optic,No,Mailed Check,0,0
CUST1997,66.0,34,92.65,Two Year,Fiber Optic,Yes,Bank Transfer,2,0
CUST1998,47.0,35,119.18,Two Year,Fiber Optic,No,Bank Transfer,0,1
CUST1999,48.0,32,29.92,Month-to-Month,Fiber Optic,Yes,Electronic Check,2,0
