CustomerID,Age,Tenure_Months,Contract,InternetService,TechSupport,PaymentMethod,MonthlyCharges,TotalCharges,Churn
CUST1000,45,48,One Year,Fiber Optic,No,Bank Transfer,53.71,2575.67,0
CUST1001,20,69,Month-to-Month,Fiber Optic,No,Credit Card,84.18,5848.11,0
CUST1002,48,26,One Year,DSL,No,Credit Card,109.45,2814.32,1
CUST1003,49,68,Two Year,Fiber Optic,No,Electronic Check,115.43,7783.17,0
CUST1004,39,24,Month-to-Month,DSL,No,Bank Transfer,119.1,2833.16,1
CUST1005,59,58,One Year,Fiber Optic,Yes,Bank Transfer,41.5,2367.84,0
CUST1006,60,15,One Year,No Internet,No,Mailed Check,64.46,970.94,1
CUST1007,21,24,Month-to-Month,No Internet,Yes,Mailed Check,96.68,2397.62,0
CUST1008,63,43,Month-to-Month,Fiber Optic,Yes,Electronic Check,43.96,1907.45,1
CUST1009,36,9,Month-to-Month,Fiber Optic,No,Electronic Check,28.92,224.55,1
CUST1010,69,40,Month-to-Month,DSL,No,Bank Transfer,74.34,3017.72,1
CUST1011,63,69,Month-to-Month,DSL,No,Bank Transfer,119.03,8180.01,1
CUST1012,34,49,Month-to-Month,Fiber Optic,Yes,Electronic Check,98.43,4777.73,0
CUST1013,41,8,One Year,DSL,Yes,Mailed Check,70.56,615.07,1
CUST1014,29,45,Two Year,DSL,Yes,Credit Card,60.96,2730.38,0
CUST1015,71,1,Two Year,No Internet,No,Electronic Check,111.85,96.05,1
CUST1016,47,56,One Year,Fiber Optic,No,Bank Transfer,83.86,4527.2,1
CUST1017,64,7,Month-to-Month,Fiber Optic,No,Bank Transfer,110.5,828.63,1
CUST1018,30,20,One Year,Fiber Optic,No,Electronic Check,102.59,2059.2,1
CUST1019,40,61,Two Year,No Internet,No,Credit Card,59.19,3570.89,0
CUST1020,34,45,Month-to-Month,Fiber Optic,No,Bank Transfer,115.55,5313.72,0
CUST1021,63,64,Two Year,Fiber Optic,No,Mailed Check,38.56,2433.55,0
CUST1022,50,70,Month-to-Month,No Internet,No,Mailed Check,83.68,5882.14,0
CUST1023,44,57,Month-to-Month,DSL,No,Mailed Check,38.84,2156.95,0
CUST1024,47,25,One Year,Fiber Optic,No,Bank Transfer,55.89,1400.46,1
CUST1025,32,56,Month-to-Month,Fiber Optic,Yes,Bank Transfer,62.56,3612.42,0
CUST1026,28,54,One Year,DSL,No,Bank Transfer,97.28,5244.43,0
CUST1027,53,62,Two Year,DSL,No,Mailed Check,112.93,6988.53,0
CUST1028,67,65,Month-to-Month,No Internet,No,Electronic Check,21.81,1402.26,0
CUST1029,51,35,Month-to-Month,Fiber Optic,No,Credit Card,49.61,1757.98,1
CUST1030,39,57,Two Year,DSL,No,Mailed Check,84.02,4891.33,0
CUST1031,39,39,One Year,Fiber Optic,No,Bank Transfer,55.48,2242.87,0
CUST1032,59,5,Month-to-Month,No Internet,No,Electronic Check,68.47,343.41,1
CUST1033,38,10,Two Year,Fiber Optic,No,Mailed Check,30.17,221.94,0
CUST1034,64,68,Two Year,Fiber Optic,Yes,Electronic Check,52.4,3502.13,0
CUST1035,26,49,One Year,Fiber Optic,No,Mailed Check,119.04,5782.78,0
CUST1036,31,2,Month-to-Month,Fiber Optic,No,Credit Card,36.84,23.34,1
CUST1037,66,65,Month-to-Month,Fiber Optic,Yes,Bank Transfer,50.38,3264.8,0
CUST1038,30,17,One Year,No Internet,No,Mailed Check,37.6,579.41,0
CUST1039,51,32,Month-to-Month,Fiber Optic,No,Bank Transfer,53.36,1759.11,1
CUST1040,32,45,One Year,Fiber Optic,No,Electronic Check,57.08,2619.16,0
CUST1041,30,24,Month-to-Month,No Internet,Yes,Mailed Check,106.23,2573.35,1
CUST1042,39,11,One Year,Fiber Optic,No,Mailed Check,75.36,969.2,1
CUST1043,70,36,One Year,Fiber Optic,No,Bank Transfer,67.93,2388.66,1
CUST1044,57,65,Month-to-Month,Fiber Optic,Yes,Electronic Check,45.3,2897.98,0
CUST1045,29,62,Month-to-Month,Fiber Optic,Yes,Electronic Check,58.96,3652.31,0
CUST1046,43,8,Two Year,Fiber Optic,Yes,Electronic Check,24.84,201.74,0
CUST1047,49,24,Month-to-Month,Fiber Optic,No,Electronic Check,31.95,692.25,1
CUST1048,53,22,Month-to-Month,DSL,No,Electronic Check,95.05,2067.14,1
CUST1049,37,36,Month-to-Month,DSL,No,Credit Card,28.91,1064.52,1
CUST1050,66,68,Month-to-Month,Fiber Optic,No,Credit Card,110.28,7605.34,1
CUST1051,21,20,One Year,Fiber Optic,Yes,Bank Transfer,79.12,1623.43,1
CUST1052,72,28,Two Year,DSL,Yes,Electronic Check,109.25,2918.92,0
CUST1053,63,5,One Year,Fiber Optic,No,Bank Transfer,66.46,296.52,1
CUST1054,19,20,One Year,No Internet,Yes,Credit Card,91.35,1863.42,0
CUST1055,29,34,Month-to-Month,Fiber Optic,No,Credit Card,96.26,3316.7,0
CUST1056,39,31,Two Year,No Internet,No,Electronic Check,68.6,2048.56,1
CUST1057,44,58,One Year,Fiber Optic,Yes,Bank Transfer,46.47,2674.29,0
CUST1058,44,32,Month-to-Month,Fiber Optic,No,Credit Card,83.77,2642.75,1
CUST1059,19,3,Month-to-Month,No Internet,Yes,Bank Transfer,47.56,218.84,0
CUST1060,43,51,Month-to-Month,Fiber Optic,Yes,Mailed Check,97.28,4965.09,1
CUST1061,71,19,One Year,Fiber Optic,Yes,Bank Transfer,22.96,491.21,1
CUST1062,40,22,Month-to-Month,Fiber Optic,Yes,Mailed Check,74.25,1654.87,1
CUST1063,32,68,One Year,No Internet,No,Bank Transfer,66.97,4510.75,0
CUST1064,56,59,One Year,No Internet,No,Mailed Check,92.63,5397.75,1
CUST1065,29,48,One Year,DSL,No,Credit Card,99.87,4786.58,1
CUST1066,72,17,Two Year,Fiber Optic,No,Electronic Check,109.99,1895.96,0
CUST1067,36,13,Month-to-Month,No Internet,No,Mailed Check,39.64,464.38,1
CUST1068,42,10,Month-to-Month,Fiber Optic,No,Bank Transfer,106.55,1017.87,1
CUST1069,34,68,Month-to-Month,DSL,Yes,Mailed Check,98.21,6655.47,0
CUST1070,42,15,Month-to-Month,Fiber Optic,No,Bank Transfer,80.04,1202.96,1
CUST1071,50,21,Month-to-Month,Fiber Optic,Yes,Electronic Check,98.06,2038.53,1
CUST1072,58,54,Month-to-Month,No Internet,Yes,Bank Transfer,45.91,2427.77,0
CUST1073,38,16,Month-to-Month,Fiber Optic,Yes,Credit Card,112.32,1913.44,1
CUST1074,60,60,Two Year,DSL,No,Electronic Check,117.54,7124.84,0
CUST1075,64,36,Two Year,No Internet,Yes,Credit Card,61.0,2238.98,0
CUST1076,19,49,Month-to-Month,Fiber Optic,Yes,Credit Card,52.66,2537.92,1
CUST1077,43,5,Month-to-Month,Fiber Optic,Yes,Credit Card,74.82,379.2,1
CUST1078,49,44,One Year,Fiber Optic,Yes,Bank Transfer,28.0,1234.74,0
CUST1079,45,55,Month-to-Month,DSL,Yes,Mailed Check,90.17,4990.57,1
CUST1080,61,44,Month-to-Month,No Internet,No,Credit Card,52.87,2323.99,0
CUST1081,26,51,One Year,DSL,No,Bank Transfer,51.78,2616.21,1
CUST1082,63,40,Two Year,Fiber Optic,No,Mailed Check,25.57,964.3,0
CUST1083,67,4,Two Year,No Internet,No,Credit Card,37.73,130.34,1
CUST1084,27,30,One Year,DSL,No,Mailed Check,31.82,950.24,0
CUST1085,35,13,Month-to-Month,DSL,Yes,Electronic Check,51.2,668.81,0
CUST1086,46,30,One Year,Fiber Optic,No,Credit Card,91.76,2738.08,1
CUST1087,67,9,Month-to-Month,Fiber Optic,Yes,Bank Transfer,116.78,1056.09,1
CUST1088,26,55,One Year,Fiber Optic,Yes,Credit Card,91.04,5036.9,0
CUST1089,42,39,Month-to-Month,No Internet,No,Electronic Check,21.99,843.28,1
CUST1090,25,71,Month-to-Month,DSL,No,Credit Card,48.71,3505.0,1
CUST1091,30,22,Month-to-Month,Fiber Optic,No,Electronic Check,31.96,716.56,0
CUST1092,57,45,Month-to-Month,No Internet,No,Bank Transfer,119.38,5401.65,1
CUST1093,52,8,One Year,DSL,No,Electronic Check,102.04,883.31,0
CUST1094,62,70,Month-to-Month,Fiber Optic,Yes,Bank Transfer,82.92,5838.15,0
CUST1095,66,53,Month-to-Month,DSL,No,Bank Transfer,32.05,1784.06,0
CUST1096,51,42,Two Year,Fiber Optic,No,Bank Transfer,117.42,4976.02,1
CUST1097,32,30,One Year,DSL,No,Electronic Check,32.61,944.16,0
CUST1098,34,27,Month-to-Month,DSL,No,Electronic Check,89.2,2474.1,1
CUST1099,48,65,Month-to-Month,DSL,Yes,Bank Transfer,76.05,4990.54,0
CUST1100,33,63,Two Year,No Internet,Yes,Mailed Check,42.05,2660.32,0
CUST1101,58,13,Month-to-Month,Fiber Optic,Yes,Electronic Check,97.54,1202.08,1
CUST1102,70,7,One Year,Fiber Optic,Yes,Bank Transfer,32.67,259.5,0
CUST1103,52,35,Two Year,DSL,Yes,Bank Transfer,99.83,3455.12,1
CUST1104,60,60,Two Year,Fiber Optic,No,Mailed Check,61.97,3793.01,0
CUST1105,21,18,One Year,No Internet,No,Mailed Check,26.36,399.96,0
CUST1106,40,6,Two Year,No Internet,Yes,Bank Transfer,41.3,239.66,0
CUST1107,43,50,One Year,DSL,Yes,Credit Card,100.95,4949.76,1
CUST1108,37,55,Two Year,Fiber Optic,No,Electronic Check,66.95,3607.07,0
CUST1109,49,55,One Year,DSL,No,Bank Transfer,25.53,1339.78,0
CUST1110,52,48,One Year,DSL,No,Bank Transfer,83.45,3972.96,1
CUST1111,38,38,Month-to-Month,No Internet,Yes,Credit Card,31.91,1210.21,0
CUST1112,26,22,Month-to-Month,DSL,Yes,Mailed Check,37.61,856.84,0
CUST1113,53,5,Month-to-Month,Fiber Optic,No,Credit Card,76.45,364.38,1
CUST1114,74,7,Month-to-Month,Fiber Optic,Yes,Electronic Check,106.84,734.16,1
CUST1115,39,31,One Year,Fiber Optic,No,Bank Transfer,34.05,1060.31,0
CUST1116,49,57,Two Year,DSL,Yes,Credit Card,102.04,5825.68,0
CUST1117,68,52,One Year,DSL,No,Credit Card,88.41,4544.75,1
CUST1118,54,56,Month-to-Month,Fiber Optic,No,Mailed Check,117.58,6507.62,1
CUST1119,39,13,Two Year,No Internet,No,Credit Card,76.33,1044.38,1
CUST1120,55,37,One Year,DSL,Yes,Mailed Check,47.43,1801.64,0
CUST1121,23,59,Month-to-Month,No Internet,No,Mailed Check,80.2,4795.77,1
CUST1122,20,42,One Year,Fiber Optic,Yes,Electronic Check,53.09,2271.64,1
CUST1123,51,16,Two Year,DSL,No,Bank Transfer,89.81,1442.85,1
CUST1124,28,44,One Year,Fiber Optic,No,Mailed Check,110.48,4907.44,1
CUST1125,26,60,Month-to-Month,Fiber Optic,No,Mailed Check,42.76,2662.84,1
CUST1126,46,64,One Year,DSL,No,Electronic Check,111.49,7174.49,0
CUST1127,43,29,Two Year,Fiber Optic,No,Credit Card,67.13,1907.83,0
CUST1128,62,17,One Year,DSL,No,Mailed Check,50.57,854.62,1
CUST1129,29,6,One Year,Fiber Optic,No,Bank Transfer,88.28,556.43,1
CUST1130,37,36,Two Year,Fiber Optic,No,Credit Card,44.58,1583.14,0
CUST1131,26,33,Month-to-Month,No Internet,No,Electronic Check,36.63,1215.1,0
CUST1132,49,34,Month-to-Month,Fiber Optic,Yes,Bank Transfer,24.03,639.44,0
CUST1133,69,46,Two Year,Fiber Optic,No,Credit Card,50.61,2319.31,0
CUST1134,55,41,Month-to-Month,Fiber Optic,Yes,Credit Card,75.12,3110.58,1
CUST1135,58,15,One Year,DSL,Yes,Bank Transfer,68.38,1085.14,0
CUST1136,39,46,Month-to-Month,DSL,No,Electronic Check,86.8,3940.83,1
CUST1137,64,43,One Year,Fiber Optic,No,Bank Transfer,115.7,4953.4,0
CUST1138,68,35,Month-to-Month,No Internet,No,Electronic Check,60.54,2090.53,0
CUST1139,39,56,Month-to-Month,DSL,No,Mailed Check,89.4,4988.98,0
CUST1140,47,19,Month-to-Month,DSL,Yes,Credit Card,44.67,852.81,1
CUST1141,49,10,Month-to-Month,Fiber Optic,Yes,Mailed Check,72.71,779.01,1
CUST1142,44,14,One Year,Fiber Optic,No,Electronic Check,30.22,378.82,1
CUST1143,43,44,Month-to-Month,Fiber Optic,No,Mailed Check,63.34,2791.88,1
CUST1144,35,2,Month-to-Month,DSL,No,Electronic Check,63.02,200.18,1
CUST1145,32,32,Month-to-Month,Fiber Optic,Yes,Credit Card,72.54,2266.16,1
CUST1146,48,15,One Year,DSL,No,Mailed Check,113.77,1767.18,1
CUST1147,43,49,Two Year,DSL,No,Credit Card,74.47,3651.64,0
CUST1148,35,26,Month-to-Month,DSL,No,Credit Card,54.97,1455.66,1
CUST1149,49,34,Month-to-Month,DSL,Yes,Bank Transfer,94.95,3185.13,1
CUST1150,30,65,Month-to-Month,Fiber Optic,No,Credit Card,82.51,5350.19,1
CUST1151,24,59,Month-to-Month,Fiber Optic,No,Mailed Check,104.42,6091.63,0
CUST1152,31,11,One Year,Fiber Optic,Yes,Credit Card,116.4,1323.6,1
CUST1153,58,53,Month-to-Month,Fiber Optic,Yes,Credit Card,22.45,1186.13,0
CUST1154,35,28,Month-to-Month,Fiber Optic,Yes,Mailed Check,28.58,839.42,0
CUST1155,59,29,Month-to-Month,DSL,No,Bank Transfer,92.66,2707.6,1
CUST1156,55,9,Month-to-Month,Fiber Optic,No,Mailed Check,99.72,846.11,1
CUST1157,65,45,Month-to-Month,Fiber Optic,Yes,Credit Card,117.22,5296.86,1
CUST1158,64,52,Month-to-Month,DSL,Yes,Credit Card,47.18,2501.77,0
CUST1159,31,55,One Year,DSL,Yes,Mailed Check,96.26,5310.62,0
CUST1160,37,43,Month-to-Month,DSL,Yes,Credit Card,58.95,2533.33,1
CUST1161,30,8,One Year,No Internet,No,Bank Transfer,31.57,216.85,0
CUST1162,49,16,Month-to-Month,Fiber Optic,Yes,Bank Transfer,82.55,1272.89,0
CUST1163,52,1,Month-to-Month,DSL,No,Mailed Check,46.46,0.0,1
CUST1164,38,49,One Year,No Internet,No,Credit Card,110.93,5411.92,0
CUST1165,27,65,Month-to-Month,Fiber Optic,Yes,Mailed Check,102.33,6693.86,1
CUST1166,55,45,Month-to-Month,DSL,Yes,Mailed Check,32.64,1427.12,1
CUST1167,70,10,One Year,Fiber Optic,No,Mailed Check,111.23,1208.33,1
CUST1168,28,47,One Year,DSL,No,Bank Transfer,62.4,2905.05,0
CUST1169,31,57,Month-to-Month,DSL,Yes,Credit Card,64.61,3641.74,0
CUST1170,18,49,Month-to-Month,DSL,No,Bank Transfer,113.63,5609.19,1
CUST1171,43,44,Month-to-Month,DSL,No,Mailed Check,41.83,1833.4,0
CUST1172,21,6,Month-to-Month,DSL,Yes,Credit Card,63.54,379.08,1
CUST1173,24,22,Month-to-Month,No Internet,No,Mailed Check,109.5,2363.17,1
CUST1174,32,17,Month-to-Month,Fiber Optic,Yes,Bank Transfer,33.25,479.38,1
CUST1175,41,12,One Year,DSL,No,Credit Card,78.47,1031.56,0
CUST1176,42,33,Two Year,DSL,Yes,Credit Card,113.0,3724.37,1
CUST1177,49,41,Two Year,DSL,No,Electronic Check,35.72,1412.64,0
CUST1178,31,37,Month-to-Month,Fiber Optic,No,Electronic Check,53.15,1993.19,1
CUST1179,34,70,Month-to-Month,DSL,No,Credit Card,67.46,4706.98,0
CUST1180,29,29,Two Year,DSL,Yes,Electronic Check,83.54,2435.92,0
CUST1181,41,50,Two Year,Fiber Optic,No,Bank Transfer,102.84,5245.43,0
CUST1182,73,62,One Year,Fiber Optic,No,Bank Transfer,76.89,4738.25,0
CUST1183,42,53,Month-to-Month,Fiber Optic,Yes,Mailed Check,33.67,1789.22,1
CUST1184,21,8,Month-to-Month,Fiber Optic,No,Bank Transfer,79.9,598.98,1
CUST1185,22,59,One Year,Fiber Optic,No,Credit Card,90.34,5337.95,0
CUST1186,60,51,Month-to-Month,Fiber Optic,No,Bank Transfer,81.74,4221.62,0
CUST1187,68,49,Month-to-Month,No Internet,Yes,Electronic Check,119.15,5803.5,0
CUST1188,40,48,Month-to-Month,DSL,No,Mailed Check,110.29,5341.11,1
CUST1189,19,63,One Year,DSL,No,Electronic Check,57.84,3567.92,0
CUST1190,28,25,Two Year,No Internet,No,Mailed Check,23.83,620.17,0
CUST1191,54,68,Month-to-Month,DSL,Yes,Credit Card,35.1,2368.76,0
CUST1192,25,8,Two Year,Fiber Optic,No,Electronic Check,53.39,432.0,1
CUST1193,60,50,One Year,DSL,Yes,Credit Card,56.0,2801.15,0
CUST1194,26,33,Month-to-Month,Fiber Optic,No,Credit Card,22.45,757.86,1
CUST1195,68,34,Month-to-Month,Fiber Optic,Yes,Credit Card,21.96,724.06,0
CUST1196,37,69,Month-to-Month,DSL,Yes,Mailed Check,21.11,1444.12,0
CUST1197,27,62,Month-to-Month,No Internet,No,Credit Card,46.14,2821.9,1
CUST1198,58,44,Month-to-Month,Fiber Optic,Yes,Mailed Check,79.71,3496.89,1
CUST1199,20,17,Two Year,No Internet,No,Bank Transfer,58.58,988.65,1
CUST1200,21,27,Month-to-Month,Fiber Optic,No,Mailed Check,115.65,3117.3,1
CUST1201,55,9,Month-to-Month,DSL,No,Bank Transfer,35.45,319.8,1
CUST1202,66,53,One Year,Fiber Optic,Yes,Mailed Check,42.87,2276.7,0
CUST1203,27,23,One Year,Fiber Optic,No,Credit Card,102.79,2364.78,1
CUST1204,55,57,Month-to-Month,Fiber Optic,Yes,Mailed Check,40.44,2326.53,0
CUST1205,54,54,Two Year,DSL,No,Mailed Check,112.35,6108.96,0
CUST1206,72,35,One Year,Fiber Optic,Yes,Bank Transfer,64.05,2269.64,0
CUST1207,25,13,Two Year,DSL,Yes,Credit Card,91.46,1123.77,1
CUST1208,52,5,Month-to-Month,No Internet,Yes,Electronic Check,23.84,195.91,0
CUST1209,63,45,One Year,Fiber Optic,No,Electronic Check,36.31,1714.12,0
CUST1210,38,56,Two Year,No Internet,Yes,Mailed Check,97.86,5454.37,0
CUST1211,68,21,One Year,Fiber Optic,No,Bank Transfer,50.82,1033.59,0
CUST1212,54,44,One Year,Fiber Optic,No,Credit Card,86.69,3837.24,0
CUST1213,38,50,Two Year,No Internet,No,Mailed Check,20.11,968.38,0
CUST1214,49,19,Two Year,Fiber Optic,No,Electronic Check,45.64,916.73,0
CUST1215,62,57,Month-to-Month,Fiber Optic,Yes,Credit Card,22.56,1215.61,0
CUST1216,70,22,One Year,DSL,Yes,Credit Card,117.04,2556.49,1
CUST1217,30,51,Month-to-Month,Fiber Optic,No,Mailed Check,80.94,4033.22,0
CUST1218,23,23,Month-to-Month,DSL,No,Mailed Check,78.24,1837.02,1
CUST1219,38,19,One Year,Fiber Optic,No,Electronic Check,77.32,1537.32,1
CUST1220,35,70,Month-to-Month,No Internet,No,Credit Card,87.21,6036.12,1
CUST1221,36,6,Two Year,Fiber Optic,No,Electronic Check,112.38,648.99,1
CUST1222,44,6,Month-to-Month,No Internet,No,Bank Transfer,73.68,521.04,0
CUST1223,18,71,Two Year,No Internet,No,Credit Card,41.23,2941.53,0
CUST1224,58,30,One Year,Fiber Optic,No,Electronic Check,23.14,741.55,0
CUST1225,18,17,Month-to-Month,No Internet,Yes,Bank Transfer,51.09,823.86,1
CUST1226,67,43,Month-to-Month,Fiber Optic,No,Credit Card,42.2,1804.22,0
CUST1227,74,47,One Year,No Internet,No,Bank Transfer,36.49,1639.45,0
CUST1228,22,69,One Year,DSL,Yes,Electronic Check,109.44,7472.44,0
CUST1229,61,67,One Year,No Internet,No,Mailed Check,54.62,3615.72,0
CUST1230,32,13,Month-to-Month,DSL,No,Bank Transfer,70.46,1014.44,1
CUST1231,69,55,One Year,Fiber Optic,Yes,Credit Card,48.13,2586.05,0
CUST1232,68,56,One Year,Fiber Optic,No,Credit Card,65.13,3593.78,0
CUST1233,21,17,One Year,Fiber Optic,No,Electronic Check,94.43,1644.67,1
CUST1234,24,6,Month-to-Month,Fiber Optic,No,Mailed Check,109.98,812.0,1
CUST1235,30,45,Month-to-Month,DSL,Yes,Electronic Check,105.39,4722.84,1
CUST1236,38,56,Two Year,Fiber Optic,Yes,Credit Card,98.14,5435.58,0
CUST1237,39,40,Month-to-Month,DSL,Yes,Credit Card,44.19,1808.2,0
CUST1238,49,71,One Year,Fiber Optic,Yes,Credit Card,56.43,3938.08,0
CUST1239,48,63,Month-to-Month,DSL,Yes,Bank Transfer,99.21,6253.67,1
CUST1240,51,3,Month-to-Month,Fiber Optic,No,Bank Transfer,96.34,205.96,1
CUST1241,60,38,Month-to-Month,DSL,No,Electronic Check,49.61,1937.56,1
CUST1242,58,47,Month-to-Month,No Internet,Yes,Mailed Check,52.34,2518.58,0
CUST1243,49,10,Month-to-Month,DSL,Yes,Bank Transfer,115.05,1111.5,1
CUST1244,19,36,Month-to-Month,Fiber Optic,No,Bank Transfer,69.44,2480.4,1
CUST1245,61,16,Two Year,No Internet,No,Bank Transfer,85.36,1392.05,0
CUST1246,37,21,Month-to-Month,DSL,Yes,Bank Transfer,115.57,2370.02,1
CUST1247,29,33,One Year,DSL,No,Credit Card,113.04,3811.84,1
CUST1248,47,22,Month-to-Month,DSL,Yes,Bank Transfer,35.84,878.27,0
CUST1249,48,71,One Year,Fiber Optic,No,Mailed Check,57.06,4117.42,0
CUST1250,20,1,Month-to-Month,DSL,Yes,Credit Card,114.47,172.38,1
CUST1251,70,34,Two Year,Fiber Optic,No,Credit Card,89.12,3070.27,0
CUST1252,24,22,Two Year,DSL,No,Electronic Check,97.68,2147.49,1
CUST1253,31,67,Month-to-Month,Fiber Optic,No,Mailed Check,101.92,6841.19,0
CUST1254,52,12,Two Year,DSL,No,Mailed Check,52.57,632.35,0
CUST1255,49,48,Month-to-Month,No Internet,Yes,Credit Card,73.32,3548.45,0
CUST1256,56,12,Two Year,Fiber Optic,Yes,Mailed Check,116.74,1310.45,1
CUST1257,45,37,One Year,DSL,No,Mailed Check,93.58,3485.41,0
CUST1258,72,44,Month-to-Month,Fiber Optic,Yes,Mailed Check,61.84,2651.16,0
CUST1259,71,54,Month-to-Month,No Internet,Yes,Credit Card,44.24,2471.63,1
CUST1260,29,8,Month-to-Month,DSL,No,Mailed Check,27.57,268.45,1
CUST1261,25,22,Two Year,DSL,Yes,Credit Card,64.76,1489.51,0
CUST1262,44,20,One Year,Fiber Optic,Yes,Bank Transfer,50.52,1072.02,0
CUST1263,72,46,Month-to-Month,Fiber Optic,No,Bank Transfer,77.01,3559.98,1
CUST1264,22,51,Month-to-Month,DSL,No,Credit Card,118.18,6022.97,1
CUST1265,38,34,Month-to-Month,No Internet,Yes,Credit Card,26.48,872.25,0
CUST1266,74,9,Month-to-Month,DSL,No,Bank Transfer,84.34,717.77,1
CUST1267,46,19,Month-to-Month,Fiber Optic,No,Mailed Check,40.73,820.79,1
CUST1268,21,60,Month-to-Month,No Internet,Yes,Electronic Check,34.84,2136.21,0
CUST1269,23,1,Month-to-Month,DSL,Yes,Electronic Check,108.18,107.4,1
CUST1270,27,14,Month-to-Month,Fiber Optic,No,Mailed Check,34.71,438.28,1
CUST1271,21,25,One Year,Fiber Optic,Yes,Bank Transfer,21.24,486.79,1
CUST1272,34,13,Two Year,No Internet,Yes,Bank Transfer,81.86,1037.33,0
CUST1273,54,50,One Year,Fiber Optic,No,Electronic Check,118.48,5845.68,1
CUST1274,26,68,Month-to-Month,Fiber Optic,No,Bank Transfer,91.89,6244.39,1
CUST1275,22,2,One Year,No Internet,No,Credit Card,84.04,215.85,1
CUST1276,67,38,Month-to-Month,DSL,No,Mailed Check,110.82,4171.1,1
CUST1277,23,38,Month-to-Month,No Internet,No,Mailed Check,84.69,3176.52,1
CUST1278,41,55,One Year,Fiber Optic,No,Credit Card,75.86,4180.92,0
CUST1279,55,44,Two Year,DSL,Yes,Electronic Check,75.6,3332.18,0
CUST1280,49,51,Month-to-Month,DSL,No,Mailed Check,103.96,5337.81,1
CUST1281,40,67,Month-to-Month,No Internet,No,Mailed Check,62.6,4199.71,0
CUST1282,20,9,Month-to-Month,Fiber Optic,Yes,Bank Transfer,57.59,396.46,1
CUST1283,37,63,One Year,Fiber Optic,Yes,Bank Transfer,40.74,2632.38,0
CUST1284,26,58,Two Year,Fiber Optic,Yes,Bank Transfer,51.17,2993.41,0
CUST1285,33,49,Month-to-Month,Fiber Optic,Yes,Credit Card,64.68,3225.29,1
CUST1286,68,33,Month-to-Month,DSL,No,Bank Transfer,21.78,789.87,0
CUST1287,26,67,Month-to-Month,Fiber Optic,No,Electronic Check,49.37,3330.43,0
CUST1288,24,23,One Year,Fiber Optic,Yes,Credit Card,20.21,466.73,0
CUST1289,58,68,Two Year,Fiber Optic,No,Electronic Check,28.06,1898.48,0
CUST1290,30,42,Month-to-Month,Fiber Optic,No,Credit Card,54.74,2327.09,1
CUST1291,19,29,Two Year,DSL,No,Bank Transfer,72.78,2135.5,0
CUST1292,52,54,One Year,DSL,No,Electronic Check,49.47,2721.39,0
CUST1293,54,46,Month-to-Month,Fiber Optic,No,Mailed Check,104.39,4823.03,1
CUST1294,23,42,Two Year,DSL,No,Electronic Check,46.59,1922.6,0
CUST1295,63,37,Month-to-Month,Fiber Optic,Yes,Mailed Check,52.24,1975.11,1
CUST1296,59,41,Month-to-Month,No Internet,No,Mailed Check,39.14,1570.57,1
CUST1297,48,13,Month-to-Month,Fiber Optic,Yes,Bank Transfer,59.53,778.93,1
CUST1298,39,37,Month-to-Month,Fiber Optic,Yes,Electronic Check,35.65,1434.03,1
CUST1299,43,70,Month-to-Month,DSL,No,Electronic Check,41.16,2808.51,0
CUST1300,40,60,One Year,Fiber Optic,No,Bank Transfer,61.78,3761.63,1
CUST1301,38,4,Month-to-Month,Fiber Optic,Yes,Electronic Check,27.4,138.35,1
CUST1302,34,38,Month-to-Month,Fiber Optic,No,Mailed Check,109.28,4167.02,1
CUST1303,26,47,Two Year,No Internet,No,Mailed Check,68.61,3187.66,0
CUST1304,65,15,One Year,No Internet,No,Credit Card,58.23,776.73,1
CUST1305,31,20,Month-to-Month,Fiber Optic,No,Credit Card,30.65,534.58,1
CUST1306,56,51,Two Year,Fiber Optic,Yes,Bank Transfer,79.42,4089.73,0
CUST1307,19,38,Two Year,No Internet,Yes,Credit Card,59.89,2294.15,0
CUST1308,73,58,Month-to-Month,Fiber Optic,Yes,Bank Transfer,39.9,2341.21,1
CUST1309,29,70,Month-to-Month,No Internet,Yes,Electronic Check,86.12,6045.07,1
CUST1310,59,12,Two Year,DSL,No,Mailed Check,67.84,744.54,0
CUST1311,61,27,Month-to-Month,DSL,Yes,Mailed Check,111.49,2975.67,1
CUST1312,61,35,Month-to-Month,Fiber Optic,Yes,Bank Transfer,107.1,3656.76,0
CUST1313,26,42,Month-to-Month,Fiber Optic,No,Electronic Check,54.81,2268.31,1
CUST1314,71,35,Month-to-Month,No Internet,No,Bank Transfer,60.28,2086.35,1
CUST1315,19,64,Two Year,Fiber Optic,No,Bank Transfer,111.21,7131.09,0
CUST1316,70,69,Two Year,Fiber Optic,Yes,Mailed Check,116.47,8053.85,0
CUST1317,61,68,Month-to-Month,Fiber Optic,Yes,Electronic Check,99.07,6754.2,0
CUST1318,67,5,Two Year,DSL,No,Bank Transfer,27.25,197.76,0
CUST1319,35,8,Month-to-Month,DSL,No,Electronic Check,24.1,260.26,0
CUST1320,20,59,Two Year,Fiber Optic,No,Mailed Check,81.76,4790.7,0
CUST1321,50,3,One Year,DSL,No,Electronic Check,95.47,259.69,1
CUST1322,23,40,Month-to-Month,Fiber Optic,Yes,Bank Transfer,90.76,3717.3,0
CUST1323,54,57,Month-to-Month,No Internet,No,Credit Card,98.03,5592.07,0
CUST1324,53,5,Month-to-Month,Fiber Optic,Yes,Credit Card,36.55,161.25,1
CUST1325,54,1,Two Year,Fiber Optic,Yes,Mailed Check,21.99,116.48,1
CUST1326,53,53,Month-to-Month,Fiber Optic,Yes,Credit Card,76.0,4040.0,1
CUST1327,19,21,Month-to-Month,Fiber Optic,No,Credit Card,109.21,2331.34,1
CUST1328,58,32,One Year,Fiber Optic,Yes,Credit Card,45.04,1425.99,1
CUST1329,19,50,Two Year,No Internet,Yes,Credit Card,38.67,1968.61,0
CUST1330,61,23,Month-to-Month,DSL,No,Bank Transfer,108.16,2557.96,1
CUST1331,56,31,Month-to-Month,No Internet,No,Bank Transfer,54.01,1623.23,1
CUST1332,66,65,Month-to-Month,Fiber Optic,No,Bank Transfer,55.3,3629.5,0
CUST1333,64,35,Two Year,No Internet,No,Electronic Check,80.89,2802.2,0
CUST1334,62,21,Two Year,Fiber Optic,No,Bank Transfer,46.82,907.14,0
CUST1335,43,18,Month-to-Month,Fiber Optic,No,Mailed Check,113.82,2030.69,1
CUST1336,64,11,Month-to-Month,Fiber Optic,No,Electronic Check,39.02,525.85,1
CUST1337,41,1,One Year,Fiber Optic,No,Credit Card,22.16,0.0,1
CUST1338,23,1,Month-to-Month,DSL,Yes,Mailed Check,64.85,32.11,1
CUST1339,54,36,Month-to-Month,Fiber Optic,No,Credit Card,78.76,2888.75,1
CUST1340,59,29,Month-to-Month,Fiber Optic,No,Mailed Check,47.86,1455.84,1
CUST1341,38,42,One Year,Fiber Optic,No,Electronic Check,95.89,4057.07,0
CUST1342,64,36,Month-to-Month,No Internet,Yes,Electronic Check,26.44,925.66,1
CUST1343,36,46,Two Year,No Internet,Yes,Bank Transfer,52.25,2419.75,0
CUST1344,52,61,Month-to-Month,No Internet,No,Electronic Check,64.88,3864.97,0
CUST1345,53,12,One Year,Fiber Optic,No,Electronic Check,114.87,1354.85,1
CUST1346,33,12,Month-to-Month,DSL,Yes,Mailed Check,33.42,446.11,1
CUST1347,44,23,Month-to-Month,Fiber Optic,No,Bank Transfer,34.58,775.37,1
CUST1348,48,29,Month-to-Month,Fiber Optic,No,Bank Transfer,40.34,1153.33,0
CUST1349,39,37,One Year,Fiber Optic,Yes,Credit Card,95.37,3538.94,0
CUST1350,32,67,Two Year,Fiber Optic,Yes,Bank Transfer,49.58,3288.35,0
CUST1351,52,55,Month-to-Month,No Internet,No,Mailed Check,51.86,2825.27,1
CUST1352,19,43,One Year,Fiber Optic,Yes,Bank Transfer,76.41,3289.53,1
CUST1353,21,9,Month-to-Month,DSL,No,Mailed Check,61.63,539.16,0
CUST1354,72,39,Month-to-Month,DSL,No,Electronic Check,81.62,3052.06,0
CUST1355,38,18,Month-to-Month,DSL,No,Electronic Check,70.06,1221.84,1
CUST1356,58,17,Month-to-Month,No Internet,No,Credit Card,90.75,1578.08,1
CUST1357,18,57,One Year,No Internet,Yes,Mailed Check,118.66,6632.84,0
CUST1358,67,5,One Year,No Internet,No,Credit Card,54.55,285.63,1
CUST1359,30,47,One Year,Fiber Optic,No,Mailed Check,41.43,1881.97,1
CUST1360,64,68,Month-to-Month,Fiber Optic,No,Electronic Check,34.64,2358.39,0
CUST1361,38,47,Two Year,DSL,No,Credit Card,59.5,2796.11,0
CUST1362,30,29,Month-to-Month,Fiber Optic,Yes,Electronic Check,111.47,3162.5,1
CUST1363,57,45,One Year,Fiber Optic,Yes,Mailed Check,40.51,1832.47,0
CUST1364,35,37,Month-to-Month,DSL,Yes,Electronic Check,55.6,2039.61,1
CUST1365,71,32,Month-to-Month,Fiber Optic,Yes,Bank Transfer,106.83,3387.51,1
CUST1366,64,49,Two Year,Fiber Optic,No,Bank Transfer,107.5,5320.01,0
CUST1367,58,41,One Year,Fiber Optic,No,Bank Transfer,81.48,3318.75,1
CUST1368,43,22,Month-to-Month,No Internet,No,Credit Card,95.53,2023.05,1
CUST1369,59,60,Month-to-Month,DSL,No,Credit Card,106.8,6395.8,1
CUST1370,71,65,Two Year,Fiber Optic,No,Credit Card,28.66,1903.1,0
CUST1371,25,29,Month-to-Month,Fiber Optic,Yes,Electronic Check,60.53,1868.29,0
CUST1372,73,8,One Year,No Internet,Yes,Electronic Check,111.01,904.91,0
CUST1373,24,44,One Year,Fiber Optic,No,Electronic Check,70.22,3149.21,0
CUST1374,36,6,Month-to-Month,Fiber Optic,Yes,Mailed Check,39.69,233.14,1
CUST1375,30,66,Month-to-Month,Fiber Optic,Yes,Mailed Check,67.13,4402.04,0
CUST1376,55,53,Two Year,No Internet,Yes,Bank Transfer,99.89,5140.91,0
CUST1377,61,22,Month-to-Month,Fiber Optic,No,Mailed Check,116.03,2520.6,1
CUST1378,49,38,Month-to-Month,Fiber Optic,Yes,Credit Card,103.48,3930.34,0
CUST1379,41,26,Month-to-Month,DSL,Yes,Bank Transfer,73.36,1883.79,1
CUST1380,49,69,Two Year,Fiber Optic,No,Mailed Check,87.85,6051.88,0
CUST1381,71,30,Month-to-Month,Fiber Optic,No,Bank Transfer,32.51,925.24,1
CUST1382,44,23,Month-to-Month,No Internet,No,Credit Card,116.46,2685.63,1
CUST1383,73,33,Month-to-Month,DSL,No,Electronic Check,83.51,2649.94,1
CUST1384,53,64,Two Year,No Internet,No,Mailed Check,21.66,1403.25,0
CUST1385,44,11,Two Year,No Internet,Yes,Electronic Check,106.53,1184.87,0
CUST1386,62,36,Two Year,DSL,No,Bank Transfer,32.89,1126.7,0
CUST1387,54,34,Month-to-Month,DSL,No,Bank Transfer,69.22,2314.18,0
CUST1388,35,39,Month-to-Month,Fiber Optic,No,Electronic Check,44.03,1717.53,0
CUST1389,51,69,One Year,DSL,No,Bank Transfer,52.04,3673.44,0
CUST1390,53,24,Month-to-Month,DSL,Yes,Electronic Check,87.23,2073.38,1
CUST1391,31,1,Two Year,DSL,No,Bank Transfer,21.16,0.0,1
CUST1392,52,7,One Year,Fiber Optic,Yes,Mailed Check,72.22,425.52,0
CUST1393,24,18,Two Year,Fiber Optic,No,Credit Card,41.23,701.28,0
CUST1394,51,3,One Year,Fiber Optic,No,Bank Transfer,107.39,313.94,1
CUST1395,36,15,Month-to-Month,Fiber Optic,Yes,Credit Card,52.5,821.79,1
CUST1396,38,47,One Year,Fiber Optic,No,Electronic Check,54.45,2567.04,1
CUST1397,54,67,Month-to-Month,No Internet,Yes,Electronic Check,61.06,4055.46,0
CUST1398,63,32,Month-to-Month,Fiber Optic,No,Electronic Check,98.82,3121.9,1
CUST1399,54,9,Month-to-Month,Fiber Optic,No,Electronic Check,70.83,550.49,1
CUST1400,46,42,Month-to-Month,Fiber Optic,No,Mailed Check,92.1,3864.59,0
CUST1401,37,27,Month-to-Month,DSL,No,Bank Transfer,95.25,2574.96,1
CUST1402,18,19,Month-to-Month,DSL,No,Bank Transfer,53.48,973.34,1
CUST1403,29,24,Month-to-Month,Fiber Optic,Yes,Electronic Check,41.39,971.27,1
CUST1404,73,56,Month-to-Month,DSL,No,Mailed Check,68.52,3798.81,1
CUST1405,57,29,Month-to-Month,DSL,Yes,Electronic Check,77.77,2257.97,1
CUST1406,41,46,Month-to-Month,DSL,Yes,Credit Card,22.31,1017.69,0
CUST1407,56,65,One Year,Fiber Optic,No,Electronic Check,27.19,1762.52,0
CUST1408,32,2,Month-to-Month,DSL,Yes,Credit Card,87.71,221.77,1
CUST1409,60,25,Month-to-Month,Fiber Optic,Yes,Electronic Check,117.01,2934.18,1
CUST1410,35,59,Month-to-Month,DSL,No,Credit Card,113.97,6645.76,1
CUST1411,56,37,One Year,DSL,No,Mailed Check,46.34,1743.75,1
CUST1412,63,43,Two Year,Fiber Optic,No,Mailed Check,105.13,4422.44,0
CUST1413,69,48,Month-to-Month,DSL,No,Electronic Check,81.78,3965.73,1
CUST1414,72,44,One Year,DSL,No,Electronic Check,86.61,3810.64,1
CUST1415,71,2,Month-to-Month,No Internet,No,Bank Transfer,103.98,185.9,1
CUST1416,54,47,Month-to-Month,Fiber Optic,Yes,Mailed Check,58.62,2772.81,0
CUST1417,63,52,Two Year,No Internet,No,Bank Transfer,104.19,5399.19,0
CUST1418,54,28,Month-to-Month,Fiber Optic,No,Electronic Check,101.82,2822.31,1
CUST1419,74,36,Two Year,DSL,No,Electronic Check,32.53,1133.38,0
CUST1420,68,23,Month-to-Month,No Internet,No,Bank Transfer,78.02,1731.41,1
CUST1421,35,62,One Year,Fiber Optic,Yes,Electronic Check,63.6,3866.94,0
CUST1422,29,56,One Year,Fiber Optic,No,Credit Card,105.75,5864.78,0
CUST1423,73,26,Two Year,DSL,No,Credit Card,46.59,1173.7,0
CUST1424,56,31,One Year,Fiber Optic,No,Electronic Check,36.46,1155.64,1
CUST1425,19,58,Month-to-Month,DSL,No,Mailed Check,51.78,2955.57,1
CUST1426,38,47,Month-to-Month,No Internet,Yes,Credit Card,116.72,5499.57,1
CUST1427,20,60,One Year,Fiber Optic,No,Electronic Check,33.97,1994.75,0
CUST1428,60,28,Month-to-Month,Fiber Optic,Yes,Mailed Check,98.75,2862.01,0
CUST1429,65,3,One Year,Fiber Optic,No,Mailed Check,39.22,71.84,1
CUST1430,40,51,One Year,DSL,No,Electronic Check,41.29,2117.12,0
CUST1431,28,19,Month-to-Month,Fiber Optic,No,Bank Transfer,106.54,2008.7,1
CUST1432,28,18,Month-to-Month,DSL,No,Bank Transfer,79.83,1452.9,1
CUST1433,57,53,Two Year,No Internet,No,Bank Transfer,38.81,2030.0,1
CUST1434,34,5,Month-to-Month,DSL,Yes,Electronic Check,41.91,224.36,1
CUST1435,25,59,Two Year,Fiber Optic,Yes,Mailed Check,75.66,4528.55,0
CUST1436,63,4,One Year,DSL,Yes,Mailed Check,47.81,151.76,0
CUST1437,72,31,One Year,DSL,Yes,Credit Card,64.13,1932.23,1
CUST1438,20,70,One Year,DSL,Yes,Credit Card,103.84,7269.78,0
CUST1439,67,63,One Year,DSL,No,Bank Transfer,68.36,4289.02,0
CUST1440,66,1,Month-to-Month,Fiber Optic,Yes,Credit Card,30.78,8.92,1
CUST1441,44,61,Month-to-Month,DSL,Yes,Electronic Check,73.21,4463.68,1
CUST1442,26,45,Two Year,DSL,No,Credit Card,116.61,5233.53,0
CUST1443,65,14,Month-to-Month,Fiber Optic,Yes,Bank Transfer,100.57,1472.21,1
CUST1444,64,56,Month-to-Month,No Internet,No,Electronic Check,100.95,5626.7,0
CUST1445,21,55,Two Year,DSL,Yes,Mailed Check,77.08,4301.63,0
CUST1446,66,66,Two Year,DSL,Yes,Electronic Check,110.9,7328.17,0
CUST1447,52,7,Month-to-Month,DSL,No,Bank Transfer,90.24,667.1,1
CUST1448,57,49,One Year,No Internet,Yes,Credit Card,29.73,1483.69,0
CUST1449,43,4,One Year,DSL,Yes,Mailed Check,86.65,360.9,1
CUST1450,67,39,Month-to-Month,Fiber Optic,Yes,Credit Card,68.34,2658.73,0
CUST1451,57,56,Month-to-Month,No Internet,Yes,Mailed Check,41.34,2357.42,1
CUST1452,62,5,Month-to-Month,Fiber Optic,No,Mailed Check,20.16,93.7,1
CUST1453,19,31,Two Year,Fiber Optic,No,Mailed Check,36.16,1087.56,1
CUST1454,22,27,Two Year,Fiber Optic,No,Mailed Check,97.71,2606.24,0
CUST1455,21,47,Two Year,Fiber Optic,No,Bank Transfer,43.34,2036.34,0
CUST1456,60,56,Two Year,DSL,No,Credit Card,65.45,3655.32,0
CUST1457,64,42,One Year,DSL,No,Credit Card,87.54,3687.06,1
CUST1458,25,55,One Year,Fiber Optic,Yes,Electronic Check,110.03,6121.76,0
CUST1459,18,27,Month-to-Month,DSL,Yes,Electronic Check,63.61,1768.32,1
CUST1460,38,64,One Year,No Internet,Yes,Mailed Check,89.72,5807.01,0
CUST1461,27,67,One Year,DSL,Yes,Credit Card,93.72,6267.24,0
CUST1462,49,22,One Year,No Internet,Yes,Bank Transfer,28.11,544.86,0
CUST1463,27,38,Month-to-Month,Fiber Optic,Yes,Electronic Check,65.89,2542.18,0
CUST1464,56,45,One Year,No Internet,Yes,Credit Card,27.92,1264.06,0
CUST1465,25,50,Month-to-Month,Fiber Optic,No,Credit Card,98.34,4960.67,0
CUST1466,40,46,One Year,Fiber Optic,Yes,Mailed Check,53.54,2455.12,0
CUST1467,59,56,One Year,Fiber Optic,No,Electronic Check,110.14,6124.63,0
CUST1468,74,18,Month-to-Month,DSL,Yes,Credit Card,115.38,2033.9,1
CUST1469,64,63,Two Year,Fiber Optic,No,Mailed Check,111.97,7003.06,0
CUST1470,27,48,One Year,No Internet,No,Bank Transfer,106.31,5158.03,1
CUST1471,59,70,Two Year,No Internet,Yes,Electronic Check,105.59,7383.52,0
CUST1472,59,23,Month-to-Month,DSL,Yes,Electronic Check,27.04,575.19,1
CUST1473,35,41,Month-to-Month,No Internet,No,Mailed Check,56.23,2246.1,1
CUST1474,41,52,Month-to-Month,Fiber Optic,Yes,Credit Card,118.87,6210.9,1
CUST1475,68,66,Month-to-Month,DSL,No,Mailed Check,109.91,7282.13,1
CUST1476,70,46,Month-to-Month,DSL,No,Bank Transfer,112.99,5163.07,1
CUST1477,36,54,Two Year,Fiber Optic,Yes,Mailed Check,79.02,4260.28,0
CUST1478,64,33,Two Year,DSL,No,Credit Card,70.69,2342.23,0
CUST1479,62,53,Two Year,DSL,No,Electronic Check,27.08,1456.0,0
CUST1480,56,5,Two Year,DSL,No,Credit Card,90.73,418.06,1
CUST1481,67,30,One Year,DSL,Yes,Credit Card,74.91,2265.54,0
CUST1482,56,1,One Year,DSL,Yes,Electronic Check,115.92,105.7,1
CUST1483,52,3,Month-to-Month,Fiber Optic,Yes,Mailed Check,32.95,47.62,1
CUST1484,51,48,One Year,No Internet,Yes,Credit Card,59.01,2778.11,0
CUST1485,42,23,Month-to-Month,Fiber Optic,Yes,Mailed Check,63.62,1445.18,1
CUST1486,56,54,Month-to-Month,DSL,Yes,Mailed Check,59.41,3184.51,0
CUST1487,50,44,Two Year,Fiber Optic,No,Mailed Check,26.57,1054.63,0
CUST1488,52,53,One Year,DSL,No,Electronic Check,91.36,4822.92,1
CUST1489,39,11,One Year,Fiber Optic,No,Mailed Check,81.03,889.99,1
CUST1490,60,9,One Year,No Internet,Yes,Electronic Check,82.46,777.05,1
CUST1491,18,40,One Year,No Internet,Yes,Electronic Check,28.83,1142.05,0
CUST1492,40,57,Month-to-Month,No Internet,No,Bank Transfer,45.29,2574.83,1
CUST1493,69,68,One Year,Fiber Optic,No,Mailed Check,47.53,3251.54,0
CUST1494,74,17,One Year,Fiber Optic,No,Bank Transfer,27.77,438.52,0
CUST1495,20,71,Two Year,No Internet,No,Credit Card,90.07,6329.58,0
CUST1496,47,8,Month-to-Month,Fiber Optic,Yes,Electronic Check,44.38,383.77,1
CUST1497,22,17,One Year,DSL,Yes,Mailed Check,74.3,1242.55,0
CUST1498,31,3,Month-to-Month,DSL,No,Credit Card,92.7,284.75,1
CUST1499,31,5,Month-to-Month,Fiber Optic,Yes,Credit Card,39.04,184.6,1
CUST1500,74,67,Month-to-Month,Fiber Optic,No,Bank Transfer,108.69,7322.52,1
CUST1501,36,30,Month-to-Month,Fiber Optic,No,Electronic Check,75.15,2254.58,1
CUST1502,73,64,Month-to-Month,No Internet,No,Credit Card,48.97,3118.11,0
CUST1503,20,25,One Year,Fiber Optic,No,Mailed Check,87.46,2265.84,1
CUST1504,64,65,Month-to-Month,Fiber Optic,Yes,Mailed Check,108.38,7025.8,1
CUST1505,22,5,Month-to-Month,Fiber Optic,Yes,Mailed Check,28.16,224.59,1
CUST1506,23,22,Two Year,DSL,No,Bank Transfer,108.78,2387.23,0
CUST1507,30,28,One Year,No Internet,Yes,Electronic Check,30.21,793.07,0
CUST1508,54,45,One Year,Fiber Optic,No,Electronic Check,88.28,3924.71,1
CUST1509,37,28,Month-to-Month,Fiber Optic,No,Mailed Check,78.24,2209.21,1
CUST1510,69,65,One Year,DSL,Yes,Credit Card,112.56,7231.25,0
CUST1511,43,26,One Year,DSL,Yes,Bank Transfer,74.81,1920.86,1
CUST1512,74,68,Month-to-Month,Fiber Optic,No,Credit Card,108.65,7363.68,1
CUST1513,30,6,Month-to-Month,DSL,No,Credit Card,72.08,337.87,1
CUST1514,49,1,Month-to-Month,DSL,No,Mailed Check,97.13,160.54,1
CUST1515,68,46,Month-to-Month,Fiber Optic,No,Bank Transfer,95.0,4413.11,1
CUST1516,67,18,Month-to-Month,DSL,No,Credit Card,119.52,2160.63,1
CUST1517,47,40,One Year,DSL,No,Electronic Check,38.57,1605.94,0
CUST1518,41,24,Two Year,Fiber Optic,No,Bank Transfer,46.37,1145.24,0
CUST1519,73,67,Month-to-Month,Fiber Optic,No,Mailed Check,65.63,4424.93,0
CUST1520,71,53,Two Year,Fiber Optic,No,Electronic Check,95.73,5117.95,0
CUST1521,71,25,Month-to-Month,Fiber Optic,No,Mailed Check,25.91,656.77,0
CUST1522,29,3,Month-to-Month,Fiber Optic,Yes,Mailed Check,52.74,173.01,1
CUST1523,44,51,One Year,Fiber Optic,No,Mailed Check,105.43,5409.98,0
CUST1524,70,61,Two Year,No Internet,Yes,Bank Transfer,69.76,4227.99,0
CUST1525,42,36,Month-to-Month,Fiber Optic,No,Electronic Check,60.73,2246.0,1
CUST1526,47,26,One Year,DSL,No,Electronic Check,119.44,2984.16,1
CUST1527,35,42,Month-to-Month,Fiber Optic,No,Credit Card,114.2,4837.41,1
CUST1528,47,59,One Year,DSL,No,Mailed Check,70.73,4259.19,0
CUST1529,42,52,Month-to-Month,DSL,No,Bank Transfer,24.85,1281.03,1
CUST1530,50,6,One Year,DSL,No,Electronic Check,52.88,284.19,1
CUST1531,47,55,Month-to-Month,DSL,Yes,Credit Card,113.31,6175.16,0
CUST1532,31,36,Month-to-Month,No Internet,No,Electronic Check,48.54,1753.72,0
CUST1533,73,41,Month-to-Month,Fiber Optic,No,Bank Transfer,102.46,4168.05,1
CUST1534,42,5,Month-to-Month,No Internet,No,Electronic Check,58.02,286.44,1
CUST1535,40,28,Month-to-Month,No Internet,Yes,Electronic Check,85.28,2432.27,1
CUST1536,22,9,Month-to-Month,Fiber Optic,No,Electronic Check,54.03,465.51,1
CUST1537,53,66,Month-to-Month,Fiber Optic,No,Mailed Check,29.14,1989.3,0
CUST1538,27,21,Month-to-Month,Fiber Optic,No,Electronic Check,33.53,710.84,0
CUST1539,41,3,Two Year,DSL,No,Credit Card,87.91,282.73,0
CUST1540,29,47,One Year,Fiber Optic,No,Electronic Check,63.02,2977.43,1
CUST1541,45,9,Two Year,Fiber Optic,No,Credit Card,55.99,646.15,1
CUST1542,62,22,Month-to-Month,DSL,Yes,Bank Transfer,98.6,2238.13,1
CUST1543,28,12,Month-to-Month,DSL,No,Bank Transfer,71.94,886.32,1
CUST1544,45,65,One Year,DSL,No,Bank Transfer,66.78,4333.38,0
CUST1545,31,11,One Year,No Internet,Yes,Bank Transfer,108.99,1226.79,0
CUST1546,27,34,One Year,DSL,No,Credit Card,57.23,1977.76,1
CUST1547,21,28,One Year,DSL,Yes,Mailed Check,86.95,2398.13,0
CUST1548,42,32,Two Year,No Internet,No,Electronic Check,29.67,926.11,0
CUST1549,56,12,Month-to-Month,Fiber Optic,Yes,Mailed Check,68.53,846.4,1
CUST1550,38,32,Month-to-Month,DSL,No,Credit Card,57.66,1872.67,0
CUST1551,74,34,Month-to-Month,DSL,No,Electronic Check,57.03,1899.1,1
CUST1552,53,10,Month-to-Month,DSL,No,Bank Transfer,113.77,1137.9,1
CUST1553,26,67,Month-to-Month,Fiber Optic,Yes,Bank Transfer,90.02,5992.26,1
CUST1554,56,66,Two Year,No Internet,No,Electronic Check,26.42,1723.4,0
CUST1555,61,64,Two Year,DSL,Yes,Electronic Check,104.06,6628.22,0
CUST1556,46,6,Month-to-Month,No Internet,No,Mailed Check,105.93,691.4,1
CUST1557,34,60,Two Year,No Internet,No,Bank Transfer,27.99,1645.82,0
CUST1558,42,39,One Year,DSL,No,Electronic Check,60.37,2384.86,0
CUST1559,27,51,Month-to-Month,Fiber Optic,No,Mailed Check,35.83,1878.08,0
CUST1560,49,15,Month-to-Month,Fiber Optic,Yes,Electronic Check,54.55,801.69,1
CUST1561,56,17,Month-to-Month,Fiber Optic,Yes,Credit Card,20.06,409.85,1
CUST1562,51,6,Two Year,Fiber Optic,No,Mailed Check,81.55,529.65,1
CUST1563,27,40,Two Year,DSL,Yes,Electronic Check,41.05,1615.12,0
CUST1564,43,3,One Year,Fiber Optic,No,Credit Card,102.08,336.94,1
CUST1565,28,23,Month-to-Month,Fiber Optic,No,Bank Transfer,115.44,2675.69,1
CUST1566,18,5,One Year,DSL,No,Bank Transfer,44.65,200.48,1
CUST1567,72,52,Two Year,Fiber Optic,Yes,Bank Transfer,114.6,5939.17,0
CUST1568,22,50,Month-to-Month,No Internet,Yes,Bank Transfer,90.7,4471.76,0
CUST1569,65,55,Month-to-Month,DSL,No,Mailed Check,99.19,5489.29,0
CUST1570,19,11,Month-to-Month,Fiber Optic,No,Credit Card,82.74,878.93,1
CUST1571,18,17,One Year,Fiber Optic,No,Mailed Check,88.99,1568.64,1
CUST1572,71,42,Month-to-Month,No Internet,Yes,Credit Card,80.55,3424.57,0
CUST1573,33,44,Month-to-Month,Fiber Optic,Yes,Credit Card,89.29,3936.97,0
CUST1574,37,59,One Year,DSL,Yes,Credit Card,37.94,2306.69,0
CUST1575,73,20,Two Year,DSL,Yes,Electronic Check,76.58,1552.44,1
CUST1576,42,19,Month-to-Month,Fiber Optic,No,Electronic Check,60.82,1130.88,1
CUST1577,60,45,One Year,Fiber Optic,Yes,Electronic Check,20.78,899.4,0
CUST1578,30,58,Month-to-Month,Fiber Optic,No,Bank Transfer,75.5,4316.36,0
CUST1579,47,1,Two Year,DSL,No,Credit Card,101.4,135.64,1
CUST1580,58,13,Two Year,Fiber Optic,No,Mailed Check,26.85,353.13,0
CUST1581,66,46,Two Year,DSL,No,Credit Card,54.15,2458.38,0
CUST1582,52,22,Two Year,DSL,No,Credit Card,101.37,2282.57,0
CUST1583,64,17,Month-to-Month,DSL,No,Bank Transfer,37.32,721.02,1
CUST1584,61,47,One Year,Fiber Optic,No,Bank Transfer,86.04,4037.69,1
CUST1585,48,61,Month-to-Month,DSL,No,Mailed Check,97.92,5973.12,1
CUST1586,18,16,Two Year,Fiber Optic,No,Electronic Check,54.07,946.07,0
CUST1587,54,20,Month-to-Month,No Internet,No,Mailed Check,29.63,583.53,1
CUST1588,62,45,Month-to-Month,DSL,No,Bank Transfer,32.62,1480.89,0
CUST1589,42,65,Month-to-Month,DSL,No,Electronic Check,36.5,2421.62,0
CUST1590,72,33,One Year,Fiber Optic,Yes,Credit Card,89.83,2965.64,1
CUST1591,56,40,Two Year,Fiber Optic,No,Electronic Check,119.89,4836.73,1
CUST1592,20,49,Two Year,No Internet,No,Electronic Check,101.83,5004.47,0
CUST1593,38,38,Month-to-Month,Fiber Optic,No,Bank Transfer,85.22,3237.78,1
CUST1594,42,40,Month-to-Month,No Internet,Yes,Mailed Check,69.83,2832.72,1
CUST1595,53,15,Month-to-Month,DSL,Yes,Bank Transfer,108.22,1692.58,1
CUST1596,66,28,Month-to-Month,DSL,Yes,Electronic Check,104.28,2904.74,1
CUST1597,42,52,Month-to-Month,No Internet,No,Electronic Check,68.02,3510.2,1
CUST1598,34,3,Month-to-Month,Fiber Optic,No,Electronic Check,100.56,300.76,1
CUST1599,64,57,Month-to-Month,DSL,No,Mailed Check,99.01,5596.4,1
CUST1600,71,2,One Year,Fiber Optic,No,Bank Transfer,85.43,154.88,1
CUST1601,19,67,Month-to-Month,Fiber Optic,No,Mailed Check,34.07,2268.82,1
CUST1602,48,31,Month-to-Month,Fiber Optic,No,Electronic Check,43.44,1329.85,1
CUST1603,19,69,Two Year,Fiber Optic,No,Credit Card,47.92,3252.83,0
CUST1604,39,46,Month-to-Month,Fiber Optic,Yes,Bank Transfer,112.59,5052.87,1
CUST1605,47,45,One Year,No Internet,No,Bank Transfer,101.88,4538.12,1
CUST1606,49,31,Two Year,Fiber Optic,No,Bank Transfer,88.53,2706.66,1
CUST1607,61,70,Month-to-Month,No Internet,No,Electronic Check,68.79,4767.88,0
CUST1608,19,53,Month-to-Month,Fiber Optic,Yes,Electronic Check,73.37,3848.44,0
CUST1609,30,40,One Year,No Internet,Yes,Mailed Check,25.54,1082.85,0
CUST1610,74,66,One Year,DSL,No,Bank Transfer,74.03,4900.99,0
CUST1611,65,48,Month-to-Month,DSL,No,Bank Transfer,28.19,1496.11,1
CUST1612,56,40,Month-to-Month,DSL,Yes,Credit Card,74.6,3044.11,1
CUST1613,71,12,Month-to-Month,Fiber Optic,No,Electronic Check,67.17,885.47,1
CUST1614,45,38,Month-to-Month,DSL,Yes,Bank Transfer,84.79,3207.73,1
CUST1615,43,55,Two Year,DSL,No,Mailed Check,37.0,2023.53,0
CUST1616,19,27,Two Year,No Internet,No,Electronic Check,38.31,1053.84,0
CUST1617,67,33,Two Year,Fiber Optic,No,Bank Transfer,22.82,872.14,0
CUST1618,37,39,One Year,Fiber Optic,No,Mailed Check,119.29,4770.97,0
CUST1619,29,52,Two Year,Fiber Optic,Yes,Mailed Check,81.45,4330.94,0
CUST1620,21,2,Two Year,Fiber Optic,Yes,Credit Card,51.61,110.16,1
CUST1621,22,45,One Year,DSL,No,Mailed Check,65.23,2954.13,0
CUST1622,69,49,One Year,DSL,Yes,Mailed Check,47.16,2317.84,1
CUST1623,64,3,One Year,No Internet,No,Bank Transfer,53.26,236.36,1
CUST1624,72,32,One Year,No Internet,No,Credit Card,113.36,3529.62,0
CUST1625,42,32,Two Year,DSL,No,Bank Transfer,70.89,2278.11,0
CUST1626,51,50,Month-to-Month,Fiber Optic,No,Electronic Check,66.43,3374.71,0
CUST1627,34,16,One Year,DSL,No,Electronic Check,48.81,785.51,1
CUST1628,39,46,Two Year,Fiber Optic,Yes,Bank Transfer,85.16,3927.11,0
CUST1629,63,7,Month-to-Month,Fiber Optic,No,Bank Transfer,53.85,402.0,1
CUST1630,30,23,Month-to-Month,Fiber Optic,Yes,Bank Transfer,31.16,611.77,0
CUST1631,25,9,Month-to-Month,No Internet,Yes,Credit Card,41.13,278.28,1
CUST1632,59,18,Two Year,No Internet,No,Bank Transfer,99.53,1811.86,1
CUST1633,52,32,Month-to-Month,Fiber Optic,No,Electronic Check,65.81,2152.79,1
CUST1634,70,43,Two Year,DSL,Yes,Electronic Check,118.79,5124.17,1
CUST1635,53,32,Month-to-Month,DSL,Yes,Electronic Check,72.45,2259.86,0
CUST1636,53,59,Month-to-Month,No Internet,No,Credit Card,59.17,3495.56,0
CUST1637,66,39,One Year,DSL,Yes,Mailed Check,62.57,2400.92,0
CUST1638,56,50,Month-to-Month,No Internet,Yes,Mailed Check,117.36,5919.61,1
CUST1639,33,1,One Year,Fiber Optic,No,Mailed Check,98.05,96.97,1
CUST1640,69,32,Month-to-Month,Fiber Optic,No,Credit Card,36.74,1170.78,0
CUST1641,67,24,Month-to-Month,No Internet,No,Mailed Check,73.78,1745.13,1
CUST1642,41,8,Two Year,DSL,No,Bank Transfer,90.09,703.32,0
CUST1643,73,1,One Year,No Internet,Yes,Credit Card,109.45,104.11,1
CUST1644,63,60,Month-to-Month,Fiber Optic,Yes,Electronic Check,115.5,6992.0,1
CUST1645,67,31,One Year,DSL,Yes,Bank Transfer,108.43,3317.39,1
CUST1646,45,49,One Year,Fiber Optic,Yes,Electronic Check,95.21,4647.64,1
CUST1647,32,21,Month-to-Month,DSL,Yes,Credit Card,110.8,2320.31,0
CUST1648,28,65,Two Year,Fiber Optic,Yes,Bank Transfer,71.17,4658.61,0
CUST1649,30,60,Month-to-Month,Fiber Optic,No,Electronic Check,31.74,1780.86,0
CUST1650,56,3,Month-to-Month,No Internet,No,Credit Card,60.67,132.93,1
CUST1651,37,71,Two Year,DSL,No,Mailed Check,118.54,8415.45,0
CUST1652,36,35,Month-to-Month,Fiber Optic,Yes,Credit Card,39.04,1325.66,0
CUST1653,53,50,Two Year,Fiber Optic,No,Credit Card,105.35,5253.39,0
CUST1654,64,29,Two Year,No Internet,No,Mailed Check,68.68,1959.83,0
CUST1655,24,5,Two Year,Fiber Optic,No,Credit Card,30.08,191.37,0
CUST1656,22,63,Month-to-Month,Fiber Optic,Yes,Credit Card,113.83,7123.53,0
CUST1657,29,48,Month-to-Month,DSL,No,Credit Card,25.98,1218.57,1
CUST1658,39,21,Two Year,DSL,No,Credit Card,99.82,2066.64,0
CUST1659,50,18,Month-to-Month,DSL,Yes,Bank Transfer,119.46,2166.8,1
CUST1660,24,40,Month-to-Month,Fiber Optic,Yes,Credit Card,55.01,2209.55,0
CUST1661,57,15,Month-to-Month,DSL,No,Mailed Check,56.69,909.21,1
CUST1662,29,17,One Year,Fiber Optic,No,Electronic Check,50.3,878.48,1
CUST1663,59,18,One Year,Fiber Optic,No,Mailed Check,39.93,683.87,1
CUST1664,20,8,One Year,No Internet,No,Mailed Check,90.0,695.64,1
CUST1665,42,62,Month-to-Month,No Internet,No,Bank Transfer,21.24,1289.6,0
CUST1666,18,36,Month-to-Month,No Internet,Yes,Mailed Check,23.94,908.12,0
CUST1667,51,65,One Year,Fiber Optic,No,Bank Transfer,38.73,2523.33,0
CUST1668,32,22,One Year,Fiber Optic,No,Mailed Check,95.48,2126.11,1
CUST1669,51,31,Month-to-Month,DSL,Yes,Electronic Check,83.13,2620.54,0
CUST1670,26,58,Month-to-Month,DSL,Yes,Bank Transfer,101.78,5903.23,0
CUST1671,19,46,Month-to-Month,Fiber Optic,No,Mailed Check,99.74,4559.29,0
CUST1672,50,57,Month-to-Month,Fiber Optic,Yes,Electronic Check,24.25,1404.73,0
CUST1673,52,10,Month-to-Month,No Internet,Yes,Bank Transfer,113.23,1137.57,1
CUST1674,57,2,One Year,No Internet,No,Bank Transfer,97.24,206.07,1
CUST1675,48,21,Month-to-Month,Fiber Optic,No,Mailed Check,116.2,2389.18,1
CUST1676,40,17,Month-to-Month,No Internet,Yes,Credit Card,32.88,560.48,0
CUST1677,29,16,Month-to-Month,DSL,Yes,Bank Transfer,72.01,1176.22,0
CUST1678,58,36,Month-to-Month,DSL,Yes,Mailed Check,47.21,1615.62,0
CUST1679,71,67,Two Year,No Internet,No,Electronic Check,58.41,3911.52,0
CUST1680,54,20,One Year,DSL,No,Mailed Check,97.31,2050.23,1
CUST1681,69,70,Month-to-Month,DSL,Yes,Credit Card,63.04,4448.0,0
CUST1682,30,67,One Year,DSL,No,Credit Card,82.16,5511.92,1
CUST1683,35,39,Two Year,No Internet,Yes,Bank Transfer,100.97,4003.63,0
CUST1684,74,32,Two Year,Fiber Optic,No,Electronic Check,69.68,2244.43,0
CUST1685,73,12,One Year,No Internet,No,Mailed Check,34.79,376.72,0
CUST1686,24,64,One Year,DSL,No,Electronic Check,34.32,2210.79,0
CUST1687,58,65,Month-to-Month,DSL,Yes,Bank Transfer,98.51,6395.98,0
CUST1688,22,22,Two Year,DSL,No,Electronic Check,52.49,1173.14,1
CUST1689,68,44,Two Year,Fiber Optic,No,Electronic Check,81.38,3566.41,0
CUST1690,47,2,Month-to-Month,Fiber Optic,Yes,Credit Card,105.24,135.86,1
CUST1691,42,15,One Year,Fiber Optic,Yes,Mailed Check,85.11,1283.94,1
CUST1692,65,56,Month-to-Month,DSL,No,Mailed Check,97.22,5495.71,1
CUST1693,48,36,One Year,DSL,No,Electronic Check,107.13,3880.75,0
CUST1694,27,11,One Year,DSL,No,Electronic Check,56.71,725.09,0
CUST1695,53,50,Month-to-Month,No Internet,No,Electronic Check,28.6,1407.04,1
CUST1696,28,7,Month-to-Month,No Internet,Yes,Credit Card,37.2,247.6,1
CUST1697,54,11,One Year,DSL,No,Credit Card,74.21,757.83,0
CUST1698,31,47,Month-to-Month,Fiber Optic,No,Credit Card,68.45,3201.8,1
CUST1699,73,58,Month-to-Month,No Internet,No,Electronic Check,80.93,4652.67,0
CUST1700,49,27,Month-to-Month,DSL,Yes,Electronic Check,91.51,2469.84,1
CUST1701,64,15,One Year,DSL,No,Mailed Check,94.02,1425.61,0
CUST1702,36,8,Month-to-Month,DSL,Yes,Mailed Check,27.5,319.88,0
CUST1703,42,64,Month-to-Month,Fiber Optic,No,Credit Card,58.62,3760.82,1
CUST1704,54,31,Month-to-Month,DSL,Yes,Mailed Check,21.66,759.1,1
CUST1705,35,46,Month-to-Month,No Internet,No,Electronic Check,82.43,3760.16,1
CUST1706,30,45,Month-to-Month,Fiber Optic,No,Mailed Check,103.1,4579.74,1
CUST1707,26,57,Month-to-Month,DSL,Yes,Credit Card,31.0,1739.13,1
CUST1708,60,32,Two Year,No Internet,Yes,Electronic Check,113.79,3600.59,0
CUST1709,53,42,One Year,No Internet,No,Bank Transfer,41.94,1748.74,0
CUST1710,63,58,Month-to-Month,Fiber Optic,Yes,Bank Transfer,103.77,5976.38,1
CUST1711,27,11,Month-to-Month,Fiber Optic,Yes,Bank Transfer,32.48,331.86,1
CUST1712,68,34,One Year,No Internet,No,Bank Transfer,24.16,861.23,1
CUST1713,19,49,Month-to-Month,Fiber Optic,Yes,Mailed Check,101.41,4956.64,0
CUST1714,45,45,Month-to-Month,No Internet,No,Credit Card,48.49,2278.4,0
CUST1715,20,50,Two Year,DSL,Yes,Electronic Check,76.78,3913.34,0
CUST1716,18,30,Month-to-Month,Fiber Optic,No,Electronic Check,86.6,2663.0,1
CUST1717,34,32,One Year,No Internet,No,Bank Transfer,40.02,1287.45,1
CUST1718,47,9,Two Year,Fiber Optic,Yes,Credit Card,109.01,1029.06,0
CUST1719,55,37,Month-to-Month,Fiber Optic,No,Mailed Check,67.54,2475.49,0
CUST1720,71,53,Two Year,DSL,No,Credit Card,57.33,3099.98,0
CUST1721,51,63,One Year,DSL,Yes,Credit Card,31.82,2078.52,0
CUST1722,74,17,One Year,DSL,No,Bank Transfer,68.8,1233.9,0
CUST1723,53,6,Month-to-Month,Fiber Optic,No,Credit Card,114.34,650.71,1
CUST1724,42,43,Month-to-Month,DSL,Yes,Mailed Check,71.48,3035.26,0
CUST1725,28,68,Month-to-Month,Fiber Optic,No,Mailed Check,70.71,4846.14,1
CUST1726,29,50,Month-to-Month,No Internet,No,Bank Transfer,100.54,4974.08,1
CUST1727,36,62,Month-to-Month,No Internet,No,Bank Transfer,92.29,5704.61,0
CUST1728,73,54,Month-to-Month,Fiber Optic,Yes,Credit Card,91.03,4866.97,1
CUST1729,20,35,Month-to-Month,DSL,No,Bank Transfer,85.8,3003.92,1
CUST1730,68,70,Month-to-Month,Fiber Optic,Yes,Mailed Check,112.28,7872.7,1
CUST1731,28,36,Month-to-Month,No Internet,No,Mailed Check,115.53,4132.8,1
CUST1732,40,69,Two Year,Fiber Optic,No,Credit Card,81.99,5680.3,0
CUST1733,59,27,Month-to-Month,DSL,No,Mailed Check,49.46,1346.62,0
CUST1734,35,46,Month-to-Month,DSL,No,Bank Transfer,79.38,3630.94,0
CUST1735,51,18,Month-to-Month,DSL,No,Bank Transfer,63.39,1100.07,1
CUST1736,23,52,Month-to-Month,Fiber Optic,No,Mailed Check,88.89,4619.36,1
CUST1737,62,41,Two Year,DSL,Yes,Bank Transfer,24.87,1002.96,0
CUST1738,26,69,Month-to-Month,DSL,No,Bank Transfer,25.57,1615.92,0
CUST1739,26,4,One Year,No Internet,No,Credit Card,37.0,114.14,1
CUST1740,21,64,One Year,No Internet,No,Bank Transfer,68.27,4274.52,0
CUST1741,71,4,Month-to-Month,DSL,No,Mailed Check,53.03,212.25,0
CUST1742,25,50,Month-to-Month,DSL,No,Credit Card,36.44,1846.47,1
CUST1743,24,7,Two Year,No Internet,Yes,Mailed Check,94.92,579.0,1
CUST1744,60,56,Two Year,DSL,No,Bank Transfer,51.07,2888.14,0
CUST1745,50,66,Month-to-Month,Fiber Optic,No,Credit Card,114.49,7613.21,1
CUST1746,43,54,One Year,DSL,No,Bank Transfer,56.25,3046.84,0
CUST1747,57,69,Two Year,Fiber Optic,No,Bank Transfer,60.11,4100.82,0
CUST1748,21,58,One Year,No Internet,Yes,Electronic Check,61.66,3557.23,0
CUST1749,73,37,Two Year,DSL,No,Bank Transfer,90.69,3336.22,0
CUST1750,60,64,Month-to-Month,Fiber Optic,Yes,Credit Card,105.47,6707.06,1
CUST1751,42,61,One Year,No Internet,Yes,Mailed Check,108.21,6638.96,0
CUST1752,20,27,Two Year,No Internet,No,Mailed Check,75.85,2042.33,0
CUST1753,51,4,Month-to-Month,Fiber Optic,No,Credit Card,103.58,381.49,1
CUST1754,32,26,Month-to-Month,Fiber Optic,No,Credit Card,47.57,1299.64,1
CUST1755,31,3,Month-to-Month,Fiber Optic,No,Electronic Check,89.08,192.49,1
CUST1756,52,34,Two Year,Fiber Optic,No,Credit Card,104.07,3589.05,0
CUST1757,73,64,Two Year,No Internet,Yes,Credit Card,109.91,7002.24,0
CUST1758,69,26,Month-to-Month,Fiber Optic,No,Mailed Check,90.3,2332.55,1
CUST1759,57,42,Month-to-Month,DSL,No,Mailed Check,39.02,1697.43,1
CUST1760,61,8,One Year,DSL,No,Bank Transfer,105.83,911.15,1
CUST1761,18,25,One Year,Fiber Optic,No,Electronic Check,83.68,2166.51,1
CUST1762,25,62,Month-to-Month,No Internet,No,Bank Transfer,73.04,4520.61,0
CUST1763,46,59,Month-to-Month,No Internet,No,Mailed Check,111.02,6503.84,1
CUST1764,52,32,One Year,No Internet,No,Mailed Check,23.08,816.64,1
CUST1765,40,26,Month-to-Month,Fiber Optic,Yes,Bank Transfer,22.75,619.88,1
CUST1766,25,37,Month-to-Month,DSL,No,Bank Transfer,41.32,1540.52,1
CUST1767,42,69,Month-to-Month,No Internet,No,Mailed Check,49.53,3490.88,0
CUST1768,66,70,Month-to-Month,Fiber Optic,No,Electronic Check,81.39,5745.11,0
CUST1769,68,56,Month-to-Month,DSL,No,Mailed Check,94.39,5240.13,1
CUST1770,29,29,One Year,DSL,Yes,Mailed Check,50.48,1422.94,0
CUST1771,38,37,Two Year,DSL,No,Electronic Check,93.13,3358.05,0
CUST1772,70,16,One Year,DSL,Yes,Bank Transfer,79.98,1296.99,1
CUST1773,50,46,Month-to-Month,No Internet,No,Electronic Check,29.53,1345.1,0
CUST1774,23,22,Month-to-Month,Fiber Optic,Yes,Mailed Check,93.35,2032.96,1
CUST1775,21,3,Month-to-Month,Fiber Optic,No,Electronic Check,108.85,295.68,1
CUST1776,36,22,Month-to-Month,Fiber Optic,Yes,Credit Card,51.19,1163.1,1
CUST1777,19,30,Month-to-Month,Fiber Optic,No,Mailed Check,23.21,779.61,0
CUST1778,63,5,Month-to-Month,DSL,No,Mailed Check,20.1,175.36,1
CUST1779,53,22,Month-to-Month,No Internet,Yes,Mailed Check,119.41,2545.59,1
CUST1780,36,61,Two Year,Fiber Optic,No,Electronic Check,45.74,2818.45,0
CUST1781,56,46,Two Year,No Internet,Yes,Mailed Check,65.9,3110.83,0
CUST1782,31,50,Month-to-Month,DSL,No,Mailed Check,51.33,2566.71,1
CUST1783,49,21,Month-to-Month,Fiber Optic,No,Electronic Check,23.96,491.31,1
CUST1784,44,21,Month-to-Month,Fiber Optic,Yes,Electronic Check,91.27,1931.09,1
CUST1785,26,67,Month-to-Month,Fiber Optic,No,Electronic Check,111.04,7414.59,1
CUST1786,25,48,One Year,DSL,No,Mailed Check,71.1,3463.44,0
CUST1787,73,9,Month-to-Month,No Internet,No,Mailed Check,96.26,885.94,1
CUST1788,36,23,One Year,Fiber Optic,Yes,Bank Transfer,95.36,2271.87,1
CUST1789,32,39,Month-to-Month,Fiber Optic,No,Bank Transfer,113.65,4534.97,1
CUST1790,71,14,Month-to-Month,No Internet,No,Credit Card,96.75,1335.84,1
CUST1791,29,14,Month-to-Month,No Internet,Yes,Mailed Check,112.82,1645.73,1
CUST1792,40,25,Month-to-Month,DSL,No,Bank Transfer,66.21,1639.22,0
CUST1793,37,15,Two Year,No Internet,No,Credit Card,53.58,854.02,1
CUST1794,61,7,One Year,DSL,No,Mailed Check,101.39,601.68,1
CUST1795,29,29,One Year,DSL,No,Credit Card,43.62,1356.13,0
CUST1796,25,51,Month-to-Month,DSL,No,Electronic Check,52.66,2629.16,1
CUST1797,26,39,One Year,Fiber Optic,No,Credit Card,107.75,4207.46,0
CUST1798,23,63,Month-to-Month,Fiber Optic,No,Electronic Check,22.82,1410.41,0
CUST1799,47,5,Month-to-Month,Fiber Optic,No,Credit Card,32.19,181.05,1
CUST1800,40,48,Month-to-Month,No Internet,No,Electronic Check,77.41,3819.44,1
CUST1801,57,57,Month-to-Month,Fiber Optic,Yes,Mailed Check,93.7,5301.85,1
CUST1802,18,43,Month-to-Month,No Internet,Yes,Electronic Check,54.57,2307.87,1
CUST1803,41,68,Month-to-Month,DSL,No,Mailed Check,40.93,2802.39,0
CUST1804,52,37,One Year,Fiber Optic,Yes,Electronic Check,42.17,1538.78,0
CUST1805,65,64,Month-to-Month,Fiber Optic,No,Mailed Check,97.75,6302.18,0
CUST1806,55,17,Month-to-Month,Fiber Optic,Yes,Credit Card,108.63,1923.55,1
CUST1807,23,67,One Year,Fiber Optic,No,Bank Transfer,78.17,5270.27,0
CUST1808,51,9,Month-to-Month,Fiber Optic,Yes,Bank Transfer,112.25,1020.74,1
CUST1809,28,41,Month-to-Month,Fiber Optic,No,Electronic Check,75.7,3101.51,1
CUST1810,49,3,Month-to-Month,DSL,No,Mailed Check,31.69,80.71,1
CUST1811,65,44,Month-to-Month,DSL,Yes,Credit Card,59.38,2634.12,0
CUST1812,48,32,Two Year,Fiber Optic,Yes,Credit Card,34.03,1054.49,0
CUST1813,64,70,One Year,No Internet,No,Bank Transfer,83.03,5904.36,0
CUST1814,65,71,Two Year,Fiber Optic,Yes,Bank Transfer,55.72,3924.45,0
CUST1815,48,40,Month-to-Month,DSL,Yes,Mailed Check,20.45,888.82,0
CUST1816,47,20,Month-to-Month,No Internet,No,Mailed Check,107.8,2253.72,1
CUST1817,44,25,One Year,Fiber Optic,No,Electronic Check,89.88,2252.72,1
CUST1818,46,44,One Year,No Internet,Yes,Credit Card,53.07,2326.18,0
CUST1819,51,61,Two Year,Fiber Optic,No,Bank Transfer,20.33,1233.63,0
CUST1820,43,49,Month-to-Month,No Internet,No,Bank Transfer,66.78,3242.78,0
CUST1821,54,53,Month-to-Month,Fiber Optic,No,Credit Card,22.28,1103.71,1
CUST1822,62,34,Month-to-Month,No Internet,Yes,Bank Transfer,113.86,3822.17,1
CUST1823,58,11,Two Year,Fiber Optic,Yes,Bank Transfer,79.05,834.48,0
CUST1824,59,63,Month-to-Month,Fiber Optic,No,Bank Transfer,72.43,4613.01,0
CUST1825,20,59,Month-to-Month,DSL,No,Bank Transfer,74.36,4427.26,0
CUST1826,61,20,Month-to-Month,No Internet,No,Bank Transfer,104.97,2084.3,1
CUST1827,44,22,Month-to-Month,No Internet,No,Credit Card,43.96,996.16,1
CUST1828,24,24,One Year,No Internet,No,Electronic Check,107.67,2564.23,0
CUST1829,47,4,Two Year,Fiber Optic,Yes,Credit Card,58.34,243.93,1
CUST1830,47,27,One Year,DSL,No,Bank Transfer,109.51,2936.01,0
CUST1831,68,23,Two Year,Fiber Optic,Yes,Mailed Check,83.55,1904.86,0
CUST1832,25,27,Month-to-Month,DSL,Yes,Credit Card,20.17,583.11,1
CUST1833,54,67,Month-to-Month,Fiber Optic,Yes,Mailed Check,104.02,6919.3,0
CUST1834,54,63,Month-to-Month,DSL,No,Bank Transfer,42.38,2697.72,0
CUST1835,29,19,Two Year,No Internet,No,Electronic Check,77.15,1429.18,1
CUST1836,61,32,Month-to-Month,No Internet,No,Credit Card,55.16,1852.31,0
CUST1837,27,37,Month-to-Month,DSL,Yes,Electronic Check,78.57,2899.05,0
CUST1838,39,31,Two Year,Fiber Optic,No,Credit Card,46.59,1317.76,0
CUST1839,29,16,One Year,Fiber Optic,No,Credit Card,97.02,1570.51,0
CUST1840,46,16,Month-to-Month,DSL,Yes,Mailed Check,93.94,1502.81,1
CUST1841,62,12,Month-to-Month,DSL,Yes,Mailed Check,92.76,1181.27,1
CUST1842,25,36,Month-to-Month,Fiber Optic,No,Bank Transfer,38.92,1405.93,1
CUST1843,33,17,Two Year,DSL,No,Mailed Check,24.06,377.47,0
CUST1844,19,50,Month-to-Month,DSL,No,Credit Card,39.0,2002.75,1
CUST1845,73,33,Month-to-Month,Fiber Optic,Yes,Mailed Check,73.68,2440.24,1
CUST1846,71,13,Month-to-Month,DSL,Yes,Credit Card,54.96,759.12,1
CUST1847,61,12,Month-to-Month,Fiber Optic,No,Electronic Check,77.81,893.2,1
CUST1848,42,64,One Year,Fiber Optic,Yes,Mailed Check,38.55,2560.28,0
CUST1849,44,30,Month-to-Month,DSL,Yes,Bank Transfer,21.89,659.82,0
CUST1850,68,36,Month-to-Month,DSL,No,Bank Transfer,26.87,853.39,1
CUST1851,44,17,Two Year,DSL,No,Bank Transfer,22.69,424.98,0
CUST1852,60,46,Month-to-Month,DSL,Yes,Electronic Check,72.85,3330.53,1
CUST1853,51,22,One Year,DSL,No,Bank Transfer,33.91,773.43,0
CUST1854,58,35,Month-to-Month,No Internet,No,Bank Transfer,104.78,3673.9,0
CUST1855,39,53,Month-to-Month,Fiber Optic,No,Mailed Check,71.58,3747.42,1
CUST1856,60,54,Month-to-Month,Fiber Optic,Yes,Credit Card,67.71,3575.19,0
CUST1857,45,18,Month-to-Month,Fiber Optic,Yes,Bank Transfer,23.92,418.65,0
CUST1858,18,23,Month-to-Month,Fiber Optic,No,Mailed Check,108.81,2511.26,1
CUST1859,36,48,Month-to-Month,Fiber Optic,No,Electronic Check,56.07,2672.1,1
CUST1860,32,4,Month-to-Month,DSL,Yes,Credit Card,116.94,499.06,1
CUST1861,21,15,One Year,DSL,Yes,Mailed Check,43.94,700.99,1
CUST1862,32,42,Month-to-Month,DSL,No,Mailed Check,107.91,4587.93,1
CUST1863,29,31,Two Year,No Internet,Yes,Electronic Check,22.5,715.79,0
CUST1864,35,21,One Year,Fiber Optic,No,Bank Transfer,78.6,1599.44,1
CUST1865,62,68,Month-to-Month,DSL,Yes,Credit Card,42.6,2872.67,0
CUST1866,66,6,Two Year,No Internet,Yes,Bank Transfer,116.47,712.31,0
CUST1867,60,56,One Year,DSL,No,Credit Card,87.73,4978.15,0
CUST1868,38,9,Two Year,No Internet,No,Mailed Check,55.59,522.38,1
CUST1869,28,14,One Year,Fiber Optic,Yes,Electronic Check,36.26,495.51,0
CUST1870,21,49,Month-to-Month,Fiber Optic,Yes,Credit Card,114.81,5638.51,0
CUST1871,59,40,Two Year,DSL,No,Bank Transfer,67.7,2703.82,0
CUST1872,68,49,One Year,Fiber Optic,No,Mailed Check,113.75,5532.91,1
CUST1873,63,30,One Year,DSL,No,Credit Card,23.18,752.53,0
CUST1874,72,13,Month-to-Month,DSL,Yes,Credit Card,91.28,1226.75,0
CUST1875,34,58,Month-to-Month,DSL,No,Mailed Check,81.95,4731.93,0
CUST1876,25,41,Month-to-Month,DSL,No,Electronic Check,73.15,3039.62,1
CUST1877,53,12,Month-to-Month,DSL,No,Electronic Check,65.12,730.61,1
CUST1878,38,66,Month-to-Month,No Internet,Yes,Bank Transfer,117.96,7752.35,0
CUST1879,49,42,One Year,Fiber Optic,No,Credit Card,109.62,4671.74,1
CUST1880,22,2,Two Year,DSL,No,Bank Transfer,39.71,55.88,1
CUST1881,58,13,Month-to-Month,DSL,Yes,Bank Transfer,86.32,1055.91,1
CUST1882,40,7,One Year,DSL,No,Bank Transfer,114.06,800.93,1
CUST1883,27,48,Month-to-Month,DSL,Yes,Electronic Check,59.2,2788.79,0
CUST1884,38,11,Month-to-Month,DSL,Yes,Bank Transfer,71.43,870.97,1
CUST1885,32,55,Month-to-Month,DSL,No,Electronic Check,77.09,4297.79,1
CUST1886,31,26,Two Year,Fiber Optic,No,Bank Transfer,111.68,2984.56,0
CUST1887,62,49,One Year,Fiber Optic,No,Credit Card,44.92,2232.94,0
CUST1888,21,39,Two Year,No Internet,Yes,Bank Transfer,92.38,3567.13,0
CUST1889,21,55,One Year,No Internet,No,Bank Transfer,50.93,2754.71,0
CUST1890,66,71,One Year,DSL,No,Credit Card,72.49,5142.73,1
CUST1891,30,57,Month-to-Month,Fiber Optic,Yes,Electronic Check,87.46,4932.96,0
CUST1892,35,15,One Year,Fiber Optic,Yes,Electronic Check,60.32,894.32,0
CUST1893,22,2,Month-to-Month,DSL,Yes,Credit Card,38.93,22.18,1
CUST1894,21,31,Month-to-Month,No Internet,Yes,Electronic Check,44.79,1363.68,0
CUST1895,34,60,Month-to-Month,No Internet,No,Credit Card,86.9,5315.22,1
CUST1896,67,65,Month-to-Month,DSL,No,Bank Transfer,27.43,1800.31,0
CUST1897,62,29,One Year,No Internet,No,Electronic Check,32.49,938.56,1
CUST1898,25,6,One Year,No Internet,No,Electronic Check,39.08,244.02,1
CUST1899,41,21,Month-to-Month,Fiber Optic,Yes,Mailed Check,90.38,1843.77,1
CUST1900,73,41,Month-to-Month,Fiber Optic,No,Electronic Check,84.9,3521.12,1
CUST1901,32,66,Month-to-Month,Fiber Optic,Yes,Mailed Check,100.54,6640.0,1
CUST1902,69,59,Two Year,Fiber Optic,Yes,Bank Transfer,114.45,6767.92,0
CUST1903,46,46,Two Year,Fiber Optic,No,Bank Transfer,81.72,3807.91,0
CUST1904,36,16,Two Year,Fiber Optic,Yes,Electronic Check,99.75,1648.7,0
CUST1905,64,54,Two Year,No Internet,Yes,Electronic Check,102.56,5583.45,0
CUST1906,62,10,Month-to-Month,DSL,Yes,Credit Card,76.55,809.21,1
CUST1907,54,26,One Year,Fiber Optic,No,Mailed Check,58.77,1518.71,1
CUST1908,72,34,Month-to-Month,Fiber Optic,Yes,Electronic Check,101.54,3478.7,1
CUST1909,30,3,One Year,Fiber Optic,Yes,Mailed Check,54.71,191.95,0
CUST1910,18,39,Two Year,DSL,No,Electronic Check,82.32,3094.86,0
CUST1911,73,1,Month-to-Month,DSL,Yes,Electronic Check,63.12,93.74,1
CUST1912,65,65,Month-to-Month,DSL,No,Bank Transfer,32.08,2117.06,0
CUST1913,73,9,Month-to-Month,Fiber Optic,No,Electronic Check,30.05,279.81,1
CUST1914,19,7,Two Year,Fiber Optic,No,Electronic Check,30.5,317.9,1
CUST1915,25,8,One Year,DSL,No,Electronic Check,43.52,304.7,0
CUST1916,28,5,Month-to-Month,DSL,Yes,Credit Card,27.01,205.62,1
CUST1917,34,70,Month-to-Month,DSL,Yes,Mailed Check,91.11,6317.82,1
CUST1918,19,61,Two Year,Fiber Optic,No,Electronic Check,49.58,3028.87,0
CUST1919,39,48,Month-to-Month,DSL,Yes,Electronic Check,88.21,4280.46,1
CUST1920,74,63,One Year,Fiber Optic,No,Credit Card,90.87,5811.91,0
CUST1921,72,31,Month-to-Month,Fiber Optic,Yes,Bank Transfer,88.47,2721.91,1
CUST1922,26,50,Month-to-Month,DSL,Yes,Electronic Check,97.24,4892.1,0
CUST1923,44,6,Two Year,Fiber Optic,Yes,Credit Card,71.73,348.27,0
CUST1924,23,62,Month-to-Month,DSL,No,Electronic Check,90.2,5512.94,0
CUST1925,57,1,One Year,Fiber Optic,No,Electronic Check,107.76,130.75,1
CUST1926,62,40,One Year,No Internet,No,Electronic Check,30.86,1226.82,1
CUST1927,31,17,Month-to-Month,Fiber Optic,Yes,Electronic Check,47.73,799.11,1
CUST1928,68,57,Month-to-Month,DSL,Yes,Mailed Check,79.76,4514.16,1
CUST1929,43,68,Two Year,Fiber Optic,No,Mailed Check,113.32,7713.44,0
CUST1930,53,5,Two Year,No Internet,No,Bank Transfer,34.61,163.16,0
CUST1931,22,7,Two Year,Fiber Optic,Yes,Electronic Check,58.43,417.52,0
CUST1932,25,38,Month-to-Month,Fiber Optic,No,Mailed Check,26.92,1055.68,0
CUST1933,54,7,Month-to-Month,Fiber Optic,Yes,Electronic Check,113.4,706.49,1
CUST1934,51,8,Month-to-Month,DSL,Yes,Electronic Check,50.94,495.93,0
CUST1935,29,7,Two Year,Fiber Optic,Yes,Electronic Check,75.58,513.66,0
CUST1936,64,48,Two Year,No Internet,No,Credit Card,29.38,1420.68,0
CUST1937,71,53,One Year,Fiber Optic,No,Mailed Check,100.08,5323.44,0
CUST1938,48,34,Two Year,DSL,Yes,Mailed Check,25.09,826.0,0
CUST1939,57,47,One Year,Fiber Optic,No,Mailed Check,41.73,1971.88,0
CUST1940,35,25,One Year,Fiber Optic,Yes,Credit Card,23.35,474.4,0
CUST1941,26,49,Month-to-Month,DSL,Yes,Credit Card,30.34,1512.2,0
CUST1942,59,59,One Year,DSL,No,Bank Transfer,87.16,5198.45,0
CUST1943,35,16,Month-to-Month,Fiber Optic,No,Bank Transfer,47.55,782.73,1
CUST1944,31,66,Month-to-Month,DSL,Yes,Mailed Check,69.05,4674.91,0
CUST1945,31,8,One Year,No Internet,No,Bank Transfer,83.21,697.62,1
CUST1946,22,30,Month-to-Month,DSL,No,Bank Transfer,68.32,2017.21,1
CUST1947,62,27,One Year,Fiber Optic,No,Mailed Check,55.6,1555.29,1
CUST1948,57,28,Month-to-Month,DSL,No,Electronic Check,115.6,3205.65,1
CUST1949,52,48,One Year,DSL,No,Electronic Check,100.36,4826.92,0
CUST1950,24,47,One Year,Fiber Optic,No,Bank Transfer,39.09,1825.44,0
CUST1951,54,53,Two Year,Fiber Optic,No,Credit Card,98.49,5121.56,0
CUST1952,53,4,Month-to-Month,No Internet,Yes,Mailed Check,58.58,275.56,1
CUST1953,68,28,One Year,Fiber Optic,No,Mailed Check,25.27,745.25,0
CUST1954,28,17,Month-to-Month,Fiber Optic,Yes,Mailed Check,58.57,936.69,1
CUST1955,26,60,Month-to-Month,DSL,Yes,Credit Card,36.72,2198.79,1
CUST1956,35,54,Month-to-Month,DSL,Yes,Mailed Check,93.17,5001.4,1
CUST1957,28,19,Month-to-Month,Fiber Optic,No,Credit Card,60.9,1110.14,1
CUST1958,71,10,One Year,Fiber Optic,Yes,Bank Transfer,99.74,963.09,1
CUST1959,47,45,Month-to-Month,Fiber Optic,No,Bank Transfer,116.43,5276.77,1
CUST1960,28,10,Two Year,DSL,Yes,Mailed Check,66.33,724.98,0
CUST1961,48,3,Month-to-Month,DSL,No,Credit Card,48.16,177.01,0
CUST1962,46,69,One Year,Fiber Optic,Yes,Credit Card,80.48,5577.5,0
CUST1963,54,3,Two Year,Fiber Optic,No,Mailed Check,72.34,219.81,1
CUST1964,74,70,Month-to-Month,No Internet,Yes,Bank Transfer,74.73,5243.68,0
CUST1965,30,67,Month-to-Month,DSL,Yes,Bank Transfer,62.49,4301.82,0
CUST1966,35,50,One Year,No Internet,Yes,Bank Transfer,59.87,2994.78,0
CUST1967,59,67,Month-to-Month,Fiber Optic,No,Credit Card,50.93,3414.75,1
CUST1968,26,25,Month-to-Month,No Internet,Yes,Mailed Check,111.37,2812.14,1
CUST1969,59,50,Month-to-Month,Fiber Optic,No,Credit Card,79.12,3894.29,1
CUST1970,40,47,Two Year,DSL,No,Electronic Check,98.79,4704.45,0
CUST1971,49,39,Month-to-Month,Fiber Optic,No,Mailed Check,63.5,2493.05,1
CUST1972,42,53,One Year,Fiber Optic,No,Credit Card,57.48,3055.63,0
CUST1973,50,24,Month-to-Month,DSL,No,Credit Card,34.82,827.01,1
CUST1974,24,20,Two Year,DSL,No,Electronic Check,68.73,1363.59,1
CUST1975,44,3,One Year,DSL,No,Credit Card,73.63,172.86,0
CUST1976,37,38,Month-to-Month,DSL,No,Credit Card,42.26,1664.06,1
CUST1977,59,44,One Year,No Internet,No,Mailed Check,44.23,1906.72,1
CUST1978,74,54,Month-to-Month,Fiber Optic,No,Electronic Check,58.45,3159.26,0
CUST1979,73,48,One Year,DSL,No,Bank Transfer,105.17,5011.17,0
CUST1980,47,9,Two Year,DSL,No,Mailed Check,100.46,937.73,0
CUST1981,49,32,One Year,Fiber Optic,No,Electronic Check,98.13,3115.53,0
CUST1982,25,28,One Year,No Internet,No,Mailed Check,72.98,2171.65,0
CUST1983,28,67,Month-to-Month,Fiber Optic,No,Electronic Check,108.49,7260.89,1
CUST1984,42,68,One Year,DSL,No,Credit Card,24.46,1742.73,0
CUST1985,45,55,Month-to-Month,DSL,No,Electronic Check,36.75,1986.72,0
CUST1986,24,23,Month-to-Month,No Internet,Yes,Credit Card,65.7,1511.96,0
CUST1987,37,30,One Year,No Internet,Yes,Credit Card,97.6,2852.95,0
CUST1988,35,42,Month-to-Month,Fiber Optic,Yes,Electronic Check,67.05,2786.03,1
CUST1989,33,36,One Year,DSL,No,Electronic Check,119.49,4354.47,0
CUST1990,35,26,Month-to-Month,Fiber Optic,Yes,Credit Card,115.36,3055.49,1
CUST1991,34,31,Month-to-Month,DSL,No,Electronic Check,110.2,3350.3,1
CUST1992,71,9,Two Year,Fiber Optic,No,Electronic Check,101.91,937.48,1
CUST1993,21,23,Two Year,No Internet,Yes,Credit Card,48.19,1044.5,0
CUST1994,63,71,Month-to-Month,DSL,Yes,Electronic Check,85.42,6113.13,0
CUST1995,41,70,Month-to-Month,No Internet,No,Bank Transfer,25.02,1759.14,0
CUST1996,24,62,Month-to-Month,DSL,No,Electronic Check,101.93,6275.82,0
CUST1997,68,33,Month-to-Month,Fiber Optic,Yes,Bank Transfer,52.35,1700.25,0
CUST1998,49,44,Month-to-Month,DSL,No,Bank Transfer,39.57,1834.23,0
CUST1999,73,46,Month-to-Month,Fiber Optic,No,Mailed Check,74.89,3354.43,1
